doc_id,url,cache,text version,nature,published,entity,entity_type,local_filename,cleaned_prediction_date
6357/71845_1698228833-PV---Conseil-Municipal-16-01-2023.pdf,http://www.ville-saint-ay.fr/userfile/fichier-telechargement/1698228833-PV---Conseil-Municipal-16-01-2023.pdf,https://datapolitics-public.s3.gra.io.cloud.ovh.net/LORIA/6357/71845_1698228833-PV---Conseil-Municipal-16-01-2023.pdf,https://datapolitics-public.s3.gra.io.cloud.ovh.net/LORIA/txt/6357/71845_1698228833-PV---Conseil-Municipal-16-01-2023.pdf.txt,pv.cr,16/01/2023,Saint-Ay,Commune,dataset_pdf_0.txt,16/01/2023
2515/213c7_proces-verbal-25-01-2023.pdf,https://www.gatine-racan.fr/wp-content/uploads/2023/03/proces-verbal-25-01-2023.pdf,https://datapolitics-public.s3.gra.io.cloud.ovh.net/LORIA/2515/213c7_proces-verbal-25-01-2023.pdf,https://datapolitics-public.s3.gra.io.cloud.ovh.net/LORIA/txt/2515/213c7_proces-verbal-25-01-2023.pdf.txt,pv.cr,25/01/2023,CC de Gâtine-Racan,Intercommunalité,dataset_pdf_1.txt,25/01/2023
1086/ee2ec_2023_1_1.pdf,https://www.ville-mazeres.fr/IMG/pdf/2023_1_1.pdf,https://datapolitics-public.s3.gra.io.cloud.ovh.net/LORIA/1086/ee2ec_2023_1_1.pdf,https://datapolitics-public.s3.gra.io.cloud.ovh.net/LORIA/txt/1086/ee2ec_2023_1_1.pdf.txt,pv.cr,31/01/2023,Mazères,Commune,dataset_pdf_2.txt,02/02/2023
3020/68132_cms_viewFile.php,https://www.fier-et-usses.com/cms_viewFile.php?idtf=99450&path=deliberation-2023-5-annexe.pdf,https://datapolitics-public.s3.gra.io.cloud.ovh.net/LORIA/3020/68132_cms_viewFile.php,https://datapolitics-public.s3.gra.io.cloud.ovh.net/LORIA/txt/3020/68132_cms_viewFile.php.txt,acte.delib,26/01/2023,CC Fier et Usses,Intercommunalité,dataset_pdf_3.txt,26/01/2023
3132/6df22_cms_viewFile.php,https://www.grandbourg.fr/cms_viewFile.php?idtf=17579&path=2023-01-16-Proces-verbal-du-Bureau.pdf,https://datapolitics-public.s3.gra.io.cloud.ovh.net/LORIA/3132/6df22_cms_viewFile.php,https://datapolitics-public.s3.gra.io.cloud.ovh.net/LORIA/txt/3132/6df22_cms_viewFile.php.txt,pv.cr,16/01/2023,CA du Bassin de Bourg-en-Bresse,Intercommunalité,dataset_pdf_4.txt,09/01/2023
2690/f241c_DELBU2023-02-012-CESSION-TERRAIN-SAINT-LOUP-PABU-tampon.pdf,https://www.guingamp-paimpol-agglo.bzh/wp-content/uploads/2023/02/DELBU2023-02-012-CESSION-TERRAIN-SAINT-LOUP-PABU-tampon.pdf,https://datapolitics-public.s3.gra.io.cloud.ovh.net/LORIA/2690/f241c_DELBU2023-02-012-CESSION-TERRAIN-SAINT-LOUP-PABU-tampon.pdf,https://datapolitics-public.s3.gra.io.cloud.ovh.net/LORIA/txt/2690/f241c_DELBU2023-02-012-CESSION-TERRAIN-SAINT-LOUP-PABU-tampon.pdf.txt,acte.delib,16/02/2023,CA Guingamp-Paimpol Agglomération de l'Armor à l'Argoat,Intercommunalité,dataset_pdf_8.txt,16/02/2023
1860/edf37_Conseil-de-Communaute-du-16-fevrier-2023.pdf,https://www.ales.fr/wp-content/uploads/2023/04/Conseil-de-Communaute-du-16-fevrier-2023.pdf,https://datapolitics-public.s3.gra.io.cloud.ovh.net/LORIA/1860/edf37_Conseil-de-Communaute-du-16-fevrier-2023.pdf,https://datapolitics-public.s3.gra.io.cloud.ovh.net/LORIA/txt/1860/edf37_Conseil-de-Communaute-du-16-fevrier-2023.pdf.txt,acte.delib,16/02/2023,Alès,Commune,dataset_pdf_9.txt,22/02/2023
3132/b91a1_cms_viewFile.php,https://www.grandbourg.fr/cms_viewFile.php?idtf=18005&path=2023-02-13-Proces-Verbal-du-Bureau.pdf,https://datapolitics-public.s3.gra.io.cloud.ovh.net/LORIA/3132/b91a1_cms_viewFile.php,https://datapolitics-public.s3.gra.io.cloud.ovh.net/LORIA/txt/3132/b91a1_cms_viewFile.php.txt,pv.cr,13/02/2023,CA du Bassin de Bourg-en-Bresse,Intercommunalité,dataset_pdf_10.txt,06/02/2023
2575/29922_CCBHAP-PV-arrete-Conseil-2-fevrier-2023.pdf,https://www.ccbastides47.com/wp-content/uploads/2023/03/CCBHAP-PV-arrete-Conseil-2-fevrier-2023.pdf,https://datapolitics-public.s3.gra.io.cloud.ovh.net/LORIA/2575/29922_CCBHAP-PV-arrete-Conseil-2-fevrier-2023.pdf,https://datapolitics-public.s3.gra.io.cloud.ovh.net/LORIA/txt/2575/29922_CCBHAP-PV-arrete-Conseil-2-fevrier-2023.pdf.txt,pv.cr,02/02/2023,CC des Bastides en Haut Agenais Périgord,Intercommunalité,dataset_pdf_11.txt,02/02/2023
3064/a3b43_PV_du_15-02-2023.pdf,https://www.sudroussillon.fr/images/Actes_Isabelle/2023/COMPTES_RENDUS_BUREAUX/PV_du_15-02-2023.pdf,https://datapolitics-public.s3.gra.io.cloud.ovh.net/LORIA/3064/a3b43_PV_du_15-02-2023.pdf,https://datapolitics-public.s3.gra.io.cloud.ovh.net/LORIA/txt/3064/a3b43_PV_du_15-02-2023.pdf.txt,pv.cr,15/02/2023,CC Sud-Roussillon,Intercommunalité,dataset_pdf_13.txt,15/02/2023
2459/7b13f_PROCES1.pdf,https://www.comcomabc.fr/wp-content/uploads/2023/04/PROCES1.pdf,https://datapolitics-public.s3.gra.io.cloud.ovh.net/LORIA/2459/7b13f_PROCES1.pdf,https://datapolitics-public.s3.gra.io.cloud.ovh.net/LORIA/txt/2459/7b13f_PROCES1.pdf.txt,pv.cr,07/02/2023,CC Arnon Boischaut Cher,Intercommunalité,dataset_pdf_14.txt,23/03/2022
679/864c8_ca.pdf,https://www.rosnysousbois.fr/wp-content/uploads/2023/02/ca.pdf,https://datapolitics-public.s3.gra.io.cloud.ovh.net/LORIA/679/864c8_ca.pdf,https://datapolitics-public.s3.gra.io.cloud.ovh.net/LORIA/txt/679/864c8_ca.pdf.txt,acte.delib,17/02/2023,Rosny-sous-Bois,Commune,dataset_pdf_15.txt,17/02/2023
647/bb73f_CR_16_02_23.pdf,https://www.ville-cachan.fr/images/5-CACHAN_CITOYENNE/5-1Vie-municipale/Conseil-municipal/PV_CM/2023/CR_16_02_23.pdf,https://datapolitics-public.s3.gra.io.cloud.ovh.net/LORIA/647/bb73f_CR_16_02_23.pdf,https://datapolitics-public.s3.gra.io.cloud.ovh.net/LORIA/txt/647/bb73f_CR_16_02_23.pdf.txt,pv.cr,16/02/2023,Cachan,Commune,dataset_pdf_16.txt,16/02/2023
669/9b3d1_7-Procs-verbal_20230220.pdf,https://www.puygouzon.fr/wp-content/uploads/2021/05/7-Procs-verbal_20230220.pdf,https://datapolitics-public.s3.gra.io.cloud.ovh.net/LORIA/669/9b3d1_7-Procs-verbal_20230220.pdf,https://datapolitics-public.s3.gra.io.cloud.ovh.net/LORIA/txt/669/9b3d1_7-Procs-verbal_20230220.pdf.txt,pv.cr,20/02/2023,Puygouzon,Commune,dataset_pdf_17.txt,20/02/2023
1564/bbd68_DELIB_13-02-2023.pdf,http://www.labastide-st-pierre.fr/fileadmin/Collectivites/La_Bastide_Saint_Pierre/Les_fichiers_du_site/PDF/Conseil_Municipal/DELIB_13-02-2023.pdf,https://datapolitics-public.s3.gra.io.cloud.ovh.net/LORIA/1564/bbd68_DELIB_13-02-2023.pdf,https://datapolitics-public.s3.gra.io.cloud.ovh.net/LORIA/txt/1564/bbd68_DELIB_13-02-2023.pdf.txt,acte.delib,13/02/2023,Labastide-Saint-Pierre,Commune,dataset_pdf_18.txt,08/02/2023
1408/f18a3_001_-_ag_-_02_-_proces-verbal_du_conseil_municipal_du_14_fevrier_2023.pdf,https://www.ville-sevran.fr/sites/default/files/001_-_ag_-_02_-_proces-verbal_du_conseil_municipal_du_14_fevrier_2023.pdf,https://datapolitics-public.s3.gra.io.cloud.ovh.net/LORIA/1408/f18a3_001_-_ag_-_02_-_proces-verbal_du_conseil_municipal_du_14_fevrier_2023.pdf,https://datapolitics-public.s3.gra.io.cloud.ovh.net/LORIA/txt/1408/f18a3_001_-_ag_-_02_-_proces-verbal_du_conseil_municipal_du_14_fevrier_2023.pdf.txt,pv.full,14/02/2023,Sevran,Commune,dataset_pdf_19.txt,14/02/2023
1058/fb940_2023.020.pdf,https://www.ermont.fr/fileadmin/www.ermont.fr/MEDIA/En_1_clic/Deliberations/Conseil_municipal_du_17_fevrier_2023/2023.020.pdf,https://datapolitics-public.s3.gra.io.cloud.ovh.net/LORIA/1058/fb940_2023.020.pdf,https://datapolitics-public.s3.gra.io.cloud.ovh.net/LORIA/txt/1058/fb940_2023.020.pdf.txt,acte.arrete,17/02/2023,Ermont,Commune,dataset_pdf_20.txt,17/02/2023
6923/286725f7c8b8f01f9bf7471c9c3ebe724a69fdc4_1.-PV-CM-10-fevr,https://arthun.fr/wp-content/uploads/sites/436/2018/08/1.-PV-CM-10-fevrier-2023.pdf,https://datapolitics-public.s3.gra.io.cloud.ovh.net/LORIA/6923/286725f7c8b8f01f9bf7471c9c3ebe724a69fdc4_1.-PV-CM-10-fevr,https://datapolitics-public.s3.gra.io.cloud.ovh.net/LORIA/txt/6923/286725f7c8b8f01f9bf7471c9c3ebe724a69fdc4_1.-PV-CM-10-fevr.txt,pv.cr,10/02/2023,Arthun,Commune,dataset_pdf_21.txt,10/02/2023
1630/948cddab8040efebdb3d903ff5423d78b91411e3_Annexes-CM-28-02,https://www.billere.fr/wp-content/uploads/2023/03/Annexes-CM-28-02-23-tampon-1.pdf,https://datapolitics-public.s3.gra.io.cloud.ovh.net/LORIA/1630/948cddab8040efebdb3d903ff5423d78b91411e3_Annexes-CM-28-02,https://datapolitics-public.s3.gra.io.cloud.ovh.net/LORIA/txt/1630/948cddab8040efebdb3d903ff5423d78b91411e3_Annexes-CM-28-02.txt,acte.delib,28/02/2023,Billère,Commune,dataset_pdf_22.txt,10/03/2023
1220/55539_pv30012023-signe.pdf,https://www.lachatre.fr/images/common/pdf/52/pv30012023-signe.pdf,https://datapolitics-public.s3.gra.io.cloud.ovh.net/LORIA/1220/55539_pv30012023-signe.pdf,https://datapolitics-public.s3.gra.io.cloud.ovh.net/LORIA/txt/1220/55539_pv30012023-signe.pdf.txt,dlao.autres,30/01/2023,La Châtre,Commune,dataset_pdf_23.txt,30/01/2023
693/f5db7_RAPPORT_BP_2023_COMMUNE.pdf,http://www.bagneux92.fr/images/1-Decouvrir/actes_admin_demat/budget/RAPPORT_BP_2023_COMMUNE.pdf,https://datapolitics-public.s3.gra.io.cloud.ovh.net/LORIA/693/f5db7_RAPPORT_BP_2023_COMMUNE.pdf,https://datapolitics-public.s3.gra.io.cloud.ovh.net/LORIA/txt/693/f5db7_RAPPORT_BP_2023_COMMUNE.pdf.txt,bdj,01/01/2023,Bagneux,Commune,dataset_pdf_24.txt,01/07/None
5095/c7d5c_Reunion_CQ_Moulin_10_01_2023.pdf,https://chennevieres.com/fileadmin/Democratie_locale/Fichiers-Democratie_locale/Reunion_CQ_Moulin_10_01_2023.pdf,https://datapolitics-public.s3.gra.io.cloud.ovh.net/LORIA/5095/c7d5c_Reunion_CQ_Moulin_10_01_2023.pdf,https://datapolitics-public.s3.gra.io.cloud.ovh.net/LORIA/txt/5095/c7d5c_Reunion_CQ_Moulin_10_01_2023.pdf.txt,pv.cr,10/01/2023,Chennevières-sur-Marne,Commune,dataset_pdf_25.txt,10/01/2023
295/c2b84_liste_des_deliberations_cm_25.01.2023.pdf,http://www.champignysurmarne.fr/sites/default/files/media/documents/liste_des_deliberations_cm_25.01.2023.pdf,https://datapolitics-public.s3.gra.io.cloud.ovh.net/LORIA/295/c2b84_liste_des_deliberations_cm_25.01.2023.pdf,https://datapolitics-public.s3.gra.io.cloud.ovh.net/LORIA/txt/295/c2b84_liste_des_deliberations_cm_25.01.2023.pdf.txt,pv.cr,25/01/2023,Champigny-sur-Marne,Commune,dataset_pdf_26.txt,25/01/2023
3031/415be_TOME-3_Plan-dactions-Suivi-Evaluation-PCAET_VF_janv-2023.pdf,https://www.rhin-vignoble-grandballon.fr/wp-content/uploads/2023/01/TOME-3_Plan-dactions-Suivi-Evaluation-PCAET_VF_janv-2023.pdf,https://datapolitics-public.s3.gra.io.cloud.ovh.net/LORIA/3031/415be_TOME-3_Plan-dactions-Suivi-Evaluation-PCAET_VF_janv-2023.pdf,https://datapolitics-public.s3.gra.io.cloud.ovh.net/LORIA/txt/3031/415be_TOME-3_Plan-dactions-Suivi-Evaluation-PCAET_VF_janv-2023.pdf.txt,acte.delib,12/01/2023,CC de la Région de Guebwiller,Intercommunalité,dataset_pdf_27.txt,2023/10/2001
3031/86c1c_TOME-6_RNT_EES_PCAET_VF_janv-2023.pdf,https://www.rhin-vignoble-grandballon.fr/wp-content/uploads/2023/01/TOME-6_RNT_EES_PCAET_VF_janv-2023.pdf,https://datapolitics-public.s3.gra.io.cloud.ovh.net/LORIA/3031/86c1c_TOME-6_RNT_EES_PCAET_VF_janv-2023.pdf,https://datapolitics-public.s3.gra.io.cloud.ovh.net/LORIA/txt/3031/86c1c_TOME-6_RNT_EES_PCAET_VF_janv-2023.pdf.txt,acte.delib,12/01/2023,CC de la Région de Guebwiller,Intercommunalité,dataset_pdf_28.txt,23/10/2001
3166/f26df_cpcd.20230126.01-02_d.pdf,https://seinesaintdenis.fr/IMG/pdf/cpcd.20230126.01-02_d.pdf,https://datapolitics-public.s3.gra.io.cloud.ovh.net/LORIA/3166/f26df_cpcd.20230126.01-02_d.pdf,https://datapolitics-public.s3.gra.io.cloud.ovh.net/LORIA/txt/3166/f26df_cpcd.20230126.01-02_d.pdf.txt,pv.cr,26/01/2023,Seine-Saint-Denis,Conseil départemental,dataset_pdf_29.txt,16/02/2023
2563/8edbb_BA.pdf,https://www.pays-chataigneraie.fr/medias/2023/08/BA.pdf,https://datapolitics-public.s3.gra.io.cloud.ovh.net/LORIA/2563/8edbb_BA.pdf,https://datapolitics-public.s3.gra.io.cloud.ovh.net/LORIA/txt/2563/8edbb_BA.pdf.txt,acte.delib,14/01/2023,CC du Pays de la Châtaigneraie,Intercommunalité,dataset_pdf_31.txt,14/01/2023
833/dbf4f_PV-30-01-2023-vaml.pdf,https://grigny91.fr/wp-content/uploads/2023/07/PV-30-01-2023-vaml.pdf,https://datapolitics-public.s3.gra.io.cloud.ovh.net/LORIA/833/dbf4f_PV-30-01-2023-vaml.pdf,https://datapolitics-public.s3.gra.io.cloud.ovh.net/LORIA/txt/833/dbf4f_PV-30-01-2023-vaml.pdf.txt,pv.full,30/01/2023,Grigny,Commune,dataset_pdf_33.txt,12/12/2022
931/66a48_1-PV-CM-19-janv-2023.pdf,http://decazeville.fr/files/1-PV-CM-19-janv-2023.pdf,https://datapolitics-public.s3.gra.io.cloud.ovh.net/LORIA/931/66a48_1-PV-CM-19-janv-2023.pdf,https://datapolitics-public.s3.gra.io.cloud.ovh.net/LORIA/txt/931/66a48_1-PV-CM-19-janv-2023.pdf.txt,pv.cr,19/01/2023,Decazeville,Commune,dataset_pdf_34.txt,19/01/2023
600/31c77_CM_20230126_point9b.pdf,http://www.illkirch.eu/wp-content/uploads/conseil-municipal/CM_20230126/CM_20230126_point9b.pdf,https://datapolitics-public.s3.gra.io.cloud.ovh.net/LORIA/600/31c77_CM_20230126_point9b.pdf,https://datapolitics-public.s3.gra.io.cloud.ovh.net/LORIA/txt/600/31c77_CM_20230126_point9b.pdf.txt,pv.cr,26/01/2023,Illkirch-Graffenstaden,Commune,dataset_pdf_35.txt,16/12/2022
2120/6aa7b_8979238261_1352_pv-conseil-19-janvier-2023.pdf,https://www.charlieubelmont.com/Data/downloads/Article/8979238261_1352_pv-conseil-19-janvier-2023.pdf,https://datapolitics-public.s3.gra.io.cloud.ovh.net/LORIA/2120/6aa7b_8979238261_1352_pv-conseil-19-janvier-2023.pdf,https://datapolitics-public.s3.gra.io.cloud.ovh.net/LORIA/txt/2120/6aa7b_8979238261_1352_pv-conseil-19-janvier-2023.pdf.txt,pv.cr,19/01/2023,CC Charlieu-Belmont,Intercommunalité,dataset_pdf_36.txt,19/01/2023
6608/8e06f_Deliberations-du-23-janvier-2023.pdf,https://www.saintphilbertdebouaine.fr/wp-content/uploads/sites/11/2023/02/Deliberations-du-23-janvier-2023.pdf,https://datapolitics-public.s3.gra.io.cloud.ovh.net/LORIA/6608/8e06f_Deliberations-du-23-janvier-2023.pdf,https://datapolitics-public.s3.gra.io.cloud.ovh.net/LORIA/txt/6608/8e06f_Deliberations-du-23-janvier-2023.pdf.txt,acte.delib,23/01/2023,Saint-Philbert-de-Bouaine,Commune,dataset_pdf_37.txt,01/02/2023
6763/bb9f0990f8ed563f586d881c42df16d7df699606_recueil-19-2023-,https://www.correze.gouv.fr/contenu/telechargement/27034/198809/file/recueil-19-2023-005-recueil-des-actes-administratifs.pdf,https://datapolitics-public.s3.gra.io.cloud.ovh.net/LORIA/6763/bb9f0990f8ed563f586d881c42df16d7df699606_recueil-19-2023-,https://datapolitics-public.s3.gra.io.cloud.ovh.net/LORIA/txt/6763/bb9f0990f8ed563f586d881c42df16d7df699606_recueil-19-2023-.txt,acte.arrete,13/01/2023,Préfecture - Corrèze,Préfecture,dataset_pdf_38.txt,13/01/2023
1555/264e4_2023-MARS-2023-PROCES-VERBAL-CONSEIL-MUNICIPAL.pdf,https://sebazac-concoures.fr/wp-content/uploads/2023/03/2023-MARS-2023-PROCES-VERBAL-CONSEIL-MUNICIPAL.pdf,https://datapolitics-public.s3.gra.io.cloud.ovh.net/LORIA/1555/264e4_2023-MARS-2023-PROCES-VERBAL-CONSEIL-MUNICIPAL.pdf,https://datapolitics-public.s3.gra.io.cloud.ovh.net/LORIA/txt/1555/264e4_2023-MARS-2023-PROCES-VERBAL-CONSEIL-MUNICIPAL.pdf.txt,pv.cr,23/03/2023,Sébazac-Concourès,Commune,dataset_pdf_40.txt,23/01/2023
2212/df590_CCPF_RSanc_approuve.pdf,https://www.cc-paysdefayence.fr/wp-content/uploads/2023/03/CCPF_RSanc_approuve.pdf,https://datapolitics-public.s3.gra.io.cloud.ovh.net/LORIA/2212/df590_CCPF_RSanc_approuve.pdf,https://datapolitics-public.s3.gra.io.cloud.ovh.net/LORIA/txt/2212/df590_CCPF_RSanc_approuve.pdf.txt,acte.arrete,01/03/2023,CC du Pays de Fayence,Intercommunalité,dataset_pdf_41.txt,07/09/2009
1565/3f5f0_proces-verbal-signe-conseil-municipal-pessac-21-mars-2023.pdf,https://www.pessac.fr/fileadmin/medias/Publications/conseils-municipaux-2023/proces-verbal-signe-conseil-municipal-pessac-21-mars-2023.pdf,https://datapolitics-public.s3.gra.io.cloud.ovh.net/LORIA/1565/3f5f0_proces-verbal-signe-conseil-municipal-pessac-21-mars-2023.pdf,https://datapolitics-public.s3.gra.io.cloud.ovh.net/LORIA/txt/1565/3f5f0_proces-verbal-signe-conseil-municipal-pessac-21-mars-2023.pdf.txt,pv.full,21/03/2023,Pessac,Commune,dataset_pdf_42.txt,21/03/2023
1767/26b1d_cms_viewFile.php,http://www.annecy.fr/cms_viewFile.php?idtf=13779&path=CM-2023-03-27-PV.pdf,https://datapolitics-public.s3.gra.io.cloud.ovh.net/LORIA/1767/26b1d_cms_viewFile.php,https://datapolitics-public.s3.gra.io.cloud.ovh.net/LORIA/txt/1767/26b1d_cms_viewFile.php.txt,pv.full,27/03/2023,Annecy,Commune,dataset_pdf_43.txt,27/03/2023
2983/5742b_PV-conseil-communautaire-13-03-2023.pdf,http://www.coeurdebrenne.fr/fileadmin/pdf/deliberations/2023/PV-conseil-communautaire-13-03-2023.pdf,https://datapolitics-public.s3.gra.io.cloud.ovh.net/LORIA/2983/5742b_PV-conseil-communautaire-13-03-2023.pdf,https://datapolitics-public.s3.gra.io.cloud.ovh.net/LORIA/txt/2983/5742b_PV-conseil-communautaire-13-03-2023.pdf.txt,pv.cr,13/03/2023,CC Coeur de Brenne,Intercommunalité,dataset_pdf_45.txt,13/03/2023
1989/75e1e6b1c9b5260e4fd9f4f39afb5a06dfe645b5_PV_20240221_sign,https://www.cc-outreforet.fr/wp-content/uploads/2024/02/PV_20240221_signe.pdf,https://datapolitics-public.s3.gra.io.cloud.ovh.net/LORIA/1989/75e1e6b1c9b5260e4fd9f4f39afb5a06dfe645b5_PV_20240221_sign,https://datapolitics-public.s3.gra.io.cloud.ovh.net/LORIA/txt/1989/75e1e6b1c9b5260e4fd9f4f39afb5a06dfe645b5_PV_20240221_sign.txt,pv.cr,21/02/2024,CC de l'Outre-Forêt,Intercommunalité,dataset_pdf_46.txt,21/02/2024
2983/96034_PV-conseil-communautaire-13-03-2023.pdf,https://www.coeurdebrenne.fr/fileadmin/pdf/deliberations/2023/PV-conseil-communautaire-13-03-2023.pdf,https://datapolitics-public.s3.gra.io.cloud.ovh.net/LORIA/2983/96034_PV-conseil-communautaire-13-03-2023.pdf,https://datapolitics-public.s3.gra.io.cloud.ovh.net/LORIA/txt/2983/96034_PV-conseil-communautaire-13-03-2023.pdf.txt,pv.cr,13/03/2023,CC Coeur de Brenne,Intercommunalité,dataset_pdf_47.txt,13/03/2023
3018/850b0_q3kp6xirfjcdv2.pdf,http://cdn2_3.reseaudesintercoms.fr/cities/39/documents/q3kp6xirfjcdv2.pdf,https://datapolitics-public.s3.gra.io.cloud.ovh.net/LORIA/3018/850b0_q3kp6xirfjcdv2.pdf,https://datapolitics-public.s3.gra.io.cloud.ovh.net/LORIA/txt/3018/850b0_q3kp6xirfjcdv2.pdf.txt,pv.cr,27/03/2023,CA Étampois Sud Essonne,Intercommunalité,dataset_pdf_48.txt,27/03/2023
2965/633501850822032783ac997e7836e24bfc6264eb_bureau_communaut,https://www.pevelecarembault.fr/sites/default/files/2023-03/bureau_communautaire_-_releve_de_decisions_du_6_mars_2023.pdf,https://datapolitics-public.s3.gra.io.cloud.ovh.net/LORIA/2965/633501850822032783ac997e7836e24bfc6264eb_bureau_communaut,https://datapolitics-public.s3.gra.io.cloud.ovh.net/LORIA/txt/2965/633501850822032783ac997e7836e24bfc6264eb_bureau_communaut.txt,pv.cr,06/03/2023,CC Pévèle-Carembault,Intercommunalité,dataset_pdf_50.txt,06/03/2023
1843/3ebe32039c9e85a684615399f53cb9be2c8b961b_proces-verbal-du,https://ville-figeac.fr/download/6599/2023/52975/proces-verbal-du-13-mars-2023.pdf,https://datapolitics-public.s3.gra.io.cloud.ovh.net/LORIA/1843/3ebe32039c9e85a684615399f53cb9be2c8b961b_proces-verbal-du,https://datapolitics-public.s3.gra.io.cloud.ovh.net/LORIA/txt/1843/3ebe32039c9e85a684615399f53cb9be2c8b961b_proces-verbal-du.txt,pv.full,13/03/2023,Figeac,Commune,dataset_pdf_52.txt,13/03/2023
4039/1cc9a1365b42da090209998401bdc104826d7537_reglementPLU.pdf,https://www.ville-gallardon.fr/wp-content/uploads/2023/03/reglementPLU.pdf,https://datapolitics-public.s3.gra.io.cloud.ovh.net/LORIA/4039/1cc9a1365b42da090209998401bdc104826d7537_reglementPLU.pdf,https://datapolitics-public.s3.gra.io.cloud.ovh.net/LORIA/txt/4039/1cc9a1365b42da090209998401bdc104826d7537_reglementPLU.pdf.txt,dlao.autres,01/03/2023,Gallardon,Commune,dataset_pdf_53.txt,30/03/2017
3395/bfdd09c728391ba9f29bf516a68553dedcd243cd_ST2023DEC070.pdf,https://www.soisy-sous-montmorency.fr/wp-content/uploads/2023/03/ST2023DEC070.pdf,https://datapolitics-public.s3.gra.io.cloud.ovh.net/LORIA/3395/bfdd09c728391ba9f29bf516a68553dedcd243cd_ST2023DEC070.pdf,https://datapolitics-public.s3.gra.io.cloud.ovh.net/LORIA/txt/3395/bfdd09c728391ba9f29bf516a68553dedcd243cd_ST2023DEC070.pdf.txt,acte.arrete,09/03/2023,Soisy-sous-Montmorency,Commune,dataset_pdf_54.txt,09/03/2023
1749/bc84b_PV-CM-2-fevrier-2023-VF-1.pdf,https://www.suresnes.fr/wp-content/uploads/2023/01/PV-CM-2-fevrier-2023-VF-1.pdf,https://datapolitics-public.s3.gra.io.cloud.ovh.net/LORIA/1749/bc84b_PV-CM-2-fevrier-2023-VF-1.pdf,https://datapolitics-public.s3.gra.io.cloud.ovh.net/LORIA/txt/1749/bc84b_PV-CM-2-fevrier-2023-VF-1.pdf.txt,pv.full,02/02/2023,Suresnes,Commune,dataset_pdf_55.txt,02/02/2023
1557/07211_viewFile.php,https://www.nanterre.fr/include/viewFile.php?idtf=46477&path=cd%2F46477_394_Les-deliberation-du-conseil-municipal-du-13-fevrier-2023.pdf,https://datapolitics-public.s3.gra.io.cloud.ovh.net/LORIA/1557/07211_viewFile.php,https://datapolitics-public.s3.gra.io.cloud.ovh.net/LORIA/txt/1557/07211_viewFile.php.txt,pv.cr,13/02/2023,Nanterre,Commune,dataset_pdf_56.txt,13/02/2023
3176/6300b_TOME_II.pdf,https://www.dordogne.fr/fileadmin/medias/Publications/2023/Budget_Primitif/TOME_II.pdf,https://datapolitics-public.s3.gra.io.cloud.ovh.net/LORIA/3176/6300b_TOME_II.pdf,https://datapolitics-public.s3.gra.io.cloud.ovh.net/LORIA/txt/3176/6300b_TOME_II.pdf.txt,pv.cr,23/02/2023,Préfecture - Dordogne,Préfecture,dataset_pdf_57.txt,23/02/2023
2069/19672_2023-021-Ouverture-des-credits-dinvestissement-par-anticipation-avant-vote-du-budget-primitif-2023.pdf,http://www.ccplateaudelannemezan.fr/wp-content/uploads/2023/02/2023-021-Ouverture-des-credits-dinvestissement-par-anticipation-avant-vote-du-budget-primitif-2023.pdf,https://datapolitics-public.s3.gra.io.cloud.ovh.net/LORIA/2069/19672_2023-021-Ouverture-des-credits-dinvestissement-par-anticipation-avant-vote-du-budget-primitif-2023.pdf,https://datapolitics-public.s3.gra.io.cloud.ovh.net/LORIA/txt/2069/19672_2023-021-Ouverture-des-credits-dinvestissement-par-anticipation-avant-vote-du-budget-primitif-2023.pdf.txt,acte.delib,23/02/2023,CC du Plateau de Lannemezan,Intercommunalité,dataset_pdf_58.txt,23/02/2023
833/e8ce5_DEL_2023_007_Suppression-ZAC-Tuileries-tampon.pdf,https://grigny91.fr/wp-content/uploads/2023/02/DEL_2023_007_Suppression-ZAC-Tuileries-tampon.pdf,https://datapolitics-public.s3.gra.io.cloud.ovh.net/LORIA/833/e8ce5_DEL_2023_007_Suppression-ZAC-Tuileries-tampon.pdf,https://datapolitics-public.s3.gra.io.cloud.ovh.net/LORIA/txt/833/e8ce5_DEL_2023_007_Suppression-ZAC-Tuileries-tampon.pdf.txt,acte.delib,09/02/2023,Grigny,Commune,dataset_pdf_61.txt,09/02/2023
2983/5edce_PV-conseil-communautaire-6_-02-2023.pdf,https://www.coeurdebrenne.fr/fileadmin/pdf/deliberations/2023/PV-conseil-communautaire-6_-02-2023.pdf,https://datapolitics-public.s3.gra.io.cloud.ovh.net/LORIA/2983/5edce_PV-conseil-communautaire-6_-02-2023.pdf,https://datapolitics-public.s3.gra.io.cloud.ovh.net/LORIA/txt/2983/5edce_PV-conseil-communautaire-6_-02-2023.pdf.txt,pv.cr,06/02/2023,CC Coeur de Brenne,Intercommunalité,dataset_pdf_62.txt,06/02/2023
1564/cd49c_PV_06_02_2023.pdf,http://www.labastide-st-pierre.fr/fileadmin/Collectivites/La_Bastide_Saint_Pierre/Les_fichiers_du_site/PDF/Conseil_Municipal/PV_06_02_2023.pdf,https://datapolitics-public.s3.gra.io.cloud.ovh.net/LORIA/1564/cd49c_PV_06_02_2023.pdf,https://datapolitics-public.s3.gra.io.cloud.ovh.net/LORIA/txt/1564/cd49c_PV_06_02_2023.pdf.txt,pv.cr,06/02/2023,Labastide-Saint-Pierre,Commune,dataset_pdf_64.txt,06/02/2023
2465/79f2af9cf6cc4bbec5cbdc930c05aa2e6c1324f1_Rapport_Orientat,http://www.agglo-pvm.fr/fileadmin/L_agglo/Instances/documents/Rapport_Orientations_Budgetaires_2023.pdf,https://datapolitics-public.s3.gra.io.cloud.ovh.net/LORIA/2465/79f2af9cf6cc4bbec5cbdc930c05aa2e6c1324f1_Rapport_Orientat,https://datapolitics-public.s3.gra.io.cloud.ovh.net/LORIA/txt/2465/79f2af9cf6cc4bbec5cbdc930c05aa2e6c1324f1_Rapport_Orientat.txt,bdj,09/02/2023,CA Paris - Vallée de la Marne,Intercommunalité,dataset_pdf_65.txt,09/02/2023
2237/5dcf8acf08106a6ea861650ee40a292f7e09cb44_cc_2023-02-09_03,https://www.gpseo.fr/sites/gpseo/files/document/acte/2023-03/cc_2023-02-09_03.1_rapport_dorientation_budgetaire_2023.pdf,https://datapolitics-public.s3.gra.io.cloud.ovh.net/LORIA/2237/5dcf8acf08106a6ea861650ee40a292f7e09cb44_cc_2023-02-09_03,https://datapolitics-public.s3.gra.io.cloud.ovh.net/LORIA/txt/2237/5dcf8acf08106a6ea861650ee40a292f7e09cb44_cc_2023-02-09_03.txt,bdj,09/02/2023,CU Grand Paris Seine et Oise,Intercommunalité,dataset_pdf_66.txt,09/02/2023
1036/4fec5_7.PV-du-6-fevrier-2023.pdf,https://talmont-saint-hilaire.fr/wp-content/uploads/2023/04/7.PV-du-6-fevrier-2023.pdf,https://datapolitics-public.s3.gra.io.cloud.ovh.net/LORIA/1036/4fec5_7.PV-du-6-fevrier-2023.pdf,https://datapolitics-public.s3.gra.io.cloud.ovh.net/LORIA/txt/1036/4fec5_7.PV-du-6-fevrier-2023.pdf.txt,pv.cr,06/02/2023,Talmont-Saint-Hilaire,Commune,dataset_pdf_67.txt,06/02/2023
2790/f117d2b333b0f214f827737d8eba789bc28e92e6_pv_reunion_du_13,https://www.cc-osartis.com/sites/default/files/2023-09/pv_reunion_du_13_fevrier_2023_0.pdf,https://datapolitics-public.s3.gra.io.cloud.ovh.net/LORIA/2790/f117d2b333b0f214f827737d8eba789bc28e92e6_pv_reunion_du_13,https://datapolitics-public.s3.gra.io.cloud.ovh.net/LORIA/txt/2790/f117d2b333b0f214f827737d8eba789bc28e92e6_pv_reunion_du_13.txt,pv.cr,13/02/2023,CC Osartis Marquion,Intercommunalité,dataset_pdf_68.txt,13/02/2023
2830/b03ce3ff9c291dd865773fe087f6243b68df615c_cahier_deliberat,http://www.tours-metropole.fr/sites/default/files/cahier_deliberations_cm_27.02.23.pdf,https://datapolitics-public.s3.gra.io.cloud.ovh.net/LORIA/2830/b03ce3ff9c291dd865773fe087f6243b68df615c_cahier_deliberat,https://datapolitics-public.s3.gra.io.cloud.ovh.net/LORIA/txt/2830/b03ce3ff9c291dd865773fe087f6243b68df615c_cahier_deliberat.txt,pv.cr,27/02/2023,Tours Métropole Val de Loire,Intercommunalité,dataset_pdf_69.txt,27/02/2023
204/0c1492b7c0d5578a8936bae374fb04c334a2be17_PV-9-02-2023-CM.,https://www.lafertesaintaubin.fr/wp-content/uploads/2023/02/PV-9-02-2023-CM.pdf,https://datapolitics-public.s3.gra.io.cloud.ovh.net/LORIA/204/0c1492b7c0d5578a8936bae374fb04c334a2be17_PV-9-02-2023-CM.,https://datapolitics-public.s3.gra.io.cloud.ovh.net/LORIA/txt/204/0c1492b7c0d5578a8936bae374fb04c334a2be17_PV-9-02-2023-CM..txt,pv.cr,09/02/2023,La Ferté-Saint-Aubin,Commune,dataset_pdf_71.txt,09/02/2023
2933/f69be05836846117812c408ddfc1d87be091c5f7_C47-03-2023-1.pd,http://www.agglo-niort.fr/fileadmin/CAN/agglo/Conseils_d_Agglo/CA_270323/C47-03-2023-1.pdf,https://datapolitics-public.s3.gra.io.cloud.ovh.net/LORIA/2933/f69be05836846117812c408ddfc1d87be091c5f7_C47-03-2023-1.pd,https://datapolitics-public.s3.gra.io.cloud.ovh.net/LORIA/txt/2933/f69be05836846117812c408ddfc1d87be091c5f7_C47-03-2023-1.pd.txt,acte.delib,27/03/2023,CA du Niortais,Intercommunalité,dataset_pdf_72.txt,27/03/2023
1930/d6f5f_PC-94078-2200041-1-MARS-2023.pdf,https://www.villeneuve-saint-georges.fr/images/agenda/13112017/pdf/ACTES/URBANISME/2023/MARS/PC-94078-2200041-1-MARS-2023.pdf,https://datapolitics-public.s3.gra.io.cloud.ovh.net/LORIA/1930/d6f5f_PC-94078-2200041-1-MARS-2023.pdf,https://datapolitics-public.s3.gra.io.cloud.ovh.net/LORIA/txt/1930/d6f5f_PC-94078-2200041-1-MARS-2023.pdf.txt,acte.arrete,02/03/2023,Villeneuve-Saint-Georges,Commune,dataset_pdf_73.txt,02/03/2023
2999/4c2b15a91382b604eb891d24801ac5db29938311_deliberation_du_,https://www.porteseureliennesidf.fr/public/Medias/deliberations_conseil/2024/deliberation_du_conseil_cc_21_mars_2024.pdf,https://datapolitics-public.s3.gra.io.cloud.ovh.net/LORIA/2999/4c2b15a91382b604eb891d24801ac5db29938311_deliberation_du_,https://datapolitics-public.s3.gra.io.cloud.ovh.net/LORIA/txt/2999/4c2b15a91382b604eb891d24801ac5db29938311_deliberation_du_.txt,acte.delib,21/03/2024,CC des Portes Euréliennes d'Île-de-France,Intercommunalité,dataset_pdf_74.txt,27/03/2024
6763/608b7818fb9b6c31745dfbd027bf8c344ae4ea24_recueil-19-2023-,https://www.correze.gouv.fr/contenu/telechargement/27279/200448/file/recueil-19-2023-031-recueil-des-actes-administratifs-special.pdf,https://datapolitics-public.s3.gra.io.cloud.ovh.net/LORIA/6763/608b7818fb9b6c31745dfbd027bf8c344ae4ea24_recueil-19-2023-,https://datapolitics-public.s3.gra.io.cloud.ovh.net/LORIA/txt/6763/608b7818fb9b6c31745dfbd027bf8c344ae4ea24_recueil-19-2023-.txt,acte.arrete,06/03/2023,Préfecture - Corrèze,Préfecture,dataset_pdf_75.txt,06/03/2023
2489/bf1e86f195fae0a2dfd2b0d7639bb9af172a6b82_AggloSeineEure_P,https://www.agglo-seine-eure.fr/wp-content/uploads/2023/03/AggloSeineEure_PCAET_Plan-actions_sept2022.pdf,https://datapolitics-public.s3.gra.io.cloud.ovh.net/LORIA/2489/bf1e86f195fae0a2dfd2b0d7639bb9af172a6b82_AggloSeineEure_P,https://datapolitics-public.s3.gra.io.cloud.ovh.net/LORIA/txt/2489/bf1e86f195fae0a2dfd2b0d7639bb9af172a6b82_AggloSeineEure_P.txt,acte.delib,01/03/2023,CA Seine-Eure,Intercommunalité,dataset_pdf_76.txt,
2609/14f39579b9846c6a37d16d42151d0b52fb439d1b_2023-03-16-PV-Co,https://ccpp06.fr/wp-content/uploads/2022/10/2023-03-16-PV-Conseil-communautaire.pdf,https://datapolitics-public.s3.gra.io.cloud.ovh.net/LORIA/2609/14f39579b9846c6a37d16d42151d0b52fb439d1b_2023-03-16-PV-Co,https://datapolitics-public.s3.gra.io.cloud.ovh.net/LORIA/txt/2609/14f39579b9846c6a37d16d42151d0b52fb439d1b_2023-03-16-PV-Co.txt,acte.delib,16/03/2023,CC du Pays des Paillons,Intercommunalité,dataset_pdf_77.txt,16/03/2023
2675/4382452d089293027ea731276a13a0d1bead769f_recherche,https://www.roissypaysdefrance.fr/recherche?content_element_id=4&item_uid=0_17990&query_string=le&title=Annexe_37.8_Reglement.pdf&tx_cimelastic_search%5Baction%5D=stat&tx_cimelastic_search%5Bcontroller%5D=Search&uri=fileadmin%2Fmediatheque%2Fkiosque%2FDeliberations_du_conseil%2FDeliberation_du_conseil_2023%2FAnnexe_37.8_Reglement.pdf&cHash=5b889203ce9c3a5644bff984802492e9,https://datapolitics-public.s3.gra.io.cloud.ovh.net/LORIA/2675/4382452d089293027ea731276a13a0d1bead769f_recherche,https://datapolitics-public.s3.gra.io.cloud.ovh.net/LORIA/txt/2675/4382452d089293027ea731276a13a0d1bead769f_recherche.txt,dlao.autres,20/03/2023,CA Roissy Pays de France,Intercommunalité,dataset_pdf_78.txt,10/03/2023
2625/36a9c1fca76dd3273d44f11fb0bd9fdadb44220c_pv_du_15.03_2023,https://www.cc-tarnagout.fr/wp-content/uploads/2023/09/pv_du_15.03_2023.pdf,https://datapolitics-public.s3.gra.io.cloud.ovh.net/LORIA/2625/36a9c1fca76dd3273d44f11fb0bd9fdadb44220c_pv_du_15.03_2023,https://datapolitics-public.s3.gra.io.cloud.ovh.net/LORIA/txt/2625/36a9c1fca76dd3273d44f11fb0bd9fdadb44220c_pv_du_15.03_2023.txt,pv.cr,15/03/2023,CC Tarn-Agout (81),Intercommunalité,dataset_pdf_79.txt,15/03/2023
6073/b5165d006af6c4c82c0f5b983af12904a30b8b64_PV_CM_13.03.23.p,https://www.mairie-orsay.fr/images/la-mairie/rendez-vous-citoyens/le-conseil-municipal/2023/PV_CM_13.03.23.pdf,https://datapolitics-public.s3.gra.io.cloud.ovh.net/LORIA/6073/b5165d006af6c4c82c0f5b983af12904a30b8b64_PV_CM_13.03.23.p,https://datapolitics-public.s3.gra.io.cloud.ovh.net/LORIA/txt/6073/b5165d006af6c4c82c0f5b983af12904a30b8b64_PV_CM_13.03.23.p.txt,pv.full,13/03/2023,Orsay,Commune,dataset_pdf_80.txt,13/03/2023
1924/139073868fce0a69a041db8cabee920b82f209ed_41._Mise_en_oeuv,https://www.ville-villiers-le-bel.fr/fileadmin/www.ville-villiers-le-bel.fr/MEDIA/Publications_legales/Actes/Villiers-le-bel/Deliberation/2023/03/41._Mise_en_oeuvre_du_nouveau_programme_de_Developpement_Durable_-_Agenda_2030.pdf,https://datapolitics-public.s3.gra.io.cloud.ovh.net/LORIA/1924/139073868fce0a69a041db8cabee920b82f209ed_41._Mise_en_oeuv,https://datapolitics-public.s3.gra.io.cloud.ovh.net/LORIA/txt/1924/139073868fce0a69a041db8cabee920b82f209ed_41._Mise_en_oeuv.txt,pv.cr,31/03/2023,Villiers-le-Bel,Commune,dataset_pdf_81.txt,12/04/2023
1924/c033e6e111d40c63bb1be0d62c4a20aafbc78dc8_1._Proces-verbal,https://www.ville-villiers-le-bel.fr/fileadmin/www.ville-villiers-le-bel.fr/MEDIA/Publications_legales/Actes/Villiers-le-bel/Deliberation/2023/05/1._Proces-verbal_de_la_seance_du_Conseil_Municipal_du_31_mars_2023.pdf,https://datapolitics-public.s3.gra.io.cloud.ovh.net/LORIA/1924/c033e6e111d40c63bb1be0d62c4a20aafbc78dc8_1._Proces-verbal,https://datapolitics-public.s3.gra.io.cloud.ovh.net/LORIA/txt/1924/c033e6e111d40c63bb1be0d62c4a20aafbc78dc8_1._Proces-verbal.txt,pv.cr,31/03/2023,Villiers-le-Bel,Commune,dataset_pdf_82.txt,23/05/2023
1859/cc807241bb0133ddca277c16179f70069f216e3c_PV_CM_29032023.p,https://www.montreuil.fr/fileadmin/user_upload/Gestion-Documentaire/CR_des_conseils_municipaux/PV_CM_29032023.pdf,https://datapolitics-public.s3.gra.io.cloud.ovh.net/LORIA/1859/cc807241bb0133ddca277c16179f70069f216e3c_PV_CM_29032023.p,https://datapolitics-public.s3.gra.io.cloud.ovh.net/LORIA/txt/1859/cc807241bb0133ddca277c16179f70069f216e3c_PV_CM_29032023.p.txt,pv.full,29/03/2023,Montreuil,Commune,dataset_pdf_83.txt,29/03/2023
3075/032db_230329-PV-conseil-29-03.pdf,https://www.paysdesherbiers.fr/medias/2023/07/230329-PV-conseil-29-03.pdf,https://datapolitics-public.s3.gra.io.cloud.ovh.net/LORIA/3075/032db_230329-PV-conseil-29-03.pdf,https://datapolitics-public.s3.gra.io.cloud.ovh.net/LORIA/txt/3075/032db_230329-PV-conseil-29-03.pdf.txt,pv.cr,29/03/2023,CC du Pays des Herbiers,Intercommunalité,dataset_pdf_84.txt,29/03/2023
479/4bf714e44f23b173d30e050cc2e17d0e7ba8cfee_PV-30-MARS-2023-,https://vigneux91.fr/wp-content/uploads/2021/05/PV-30-MARS-2023-SITE-INTERNET.pdf,https://datapolitics-public.s3.gra.io.cloud.ovh.net/LORIA/479/4bf714e44f23b173d30e050cc2e17d0e7ba8cfee_PV-30-MARS-2023-,https://datapolitics-public.s3.gra.io.cloud.ovh.net/LORIA/txt/479/4bf714e44f23b173d30e050cc2e17d0e7ba8cfee_PV-30-MARS-2023-.txt,pv.full,30/03/2023,Vigneux-sur-Seine,Commune,dataset_pdf_85.txt,27/06/2023
1290/c3775_2023-17-Etude-de-faisabilite-en-geothermie-Convention-de-maitrise-douvrage-unique-entre-Rodez-Agglo-et-la-commune-dOnet-le-Chateau.pdf,https://www.onet-le-chateau.fr/app/uploads/2023/02/2023-17-Etude-de-faisabilite-en-geothermie-Convention-de-maitrise-douvrage-unique-entre-Rodez-Agglo-et-la-commune-dOnet-le-Chateau.pdf,https://datapolitics-public.s3.gra.io.cloud.ovh.net/LORIA/1290/c3775_2023-17-Etude-de-faisabilite-en-geothermie-Convention-de-maitrise-douvrage-unique-entre-Rodez-Agglo-et-la-commune-dOnet-le-Chateau.pdf,https://datapolitics-public.s3.gra.io.cloud.ovh.net/LORIA/txt/1290/c3775_2023-17-Etude-de-faisabilite-en-geothermie-Convention-de-maitrise-douvrage-unique-entre-Rodez-Agglo-et-la-commune-dOnet-le-Chateau.pdf.txt,acte.delib,16/02/2023,Onet-le-Château,Commune,dataset_pdf_86.txt,16/02/2023
1290/893a1_Liste-des-deliberations-CM-16.02.2023.pdf,https://www.onet-le-chateau.fr/app/uploads/2023/02/Liste-des-deliberations-CM-16.02.2023.pdf,https://datapolitics-public.s3.gra.io.cloud.ovh.net/LORIA/1290/893a1_Liste-des-deliberations-CM-16.02.2023.pdf,https://datapolitics-public.s3.gra.io.cloud.ovh.net/LORIA/txt/1290/893a1_Liste-des-deliberations-CM-16.02.2023.pdf.txt,pv.cr,16/02/2023,Onet-le-Château,Commune,dataset_pdf_87.txt,16/02/2023
234/51462_2023_02_23-proces-verbal-conseil-municipal.pdf,https://www.villeneuve-yonne.fr/wp-content/uploads/2023/04/2023_02_23-proces-verbal-conseil-municipal.pdf,https://datapolitics-public.s3.gra.io.cloud.ovh.net/LORIA/234/51462_2023_02_23-proces-verbal-conseil-municipal.pdf,https://datapolitics-public.s3.gra.io.cloud.ovh.net/LORIA/txt/234/51462_2023_02_23-proces-verbal-conseil-municipal.pdf.txt,pv.cr,23/02/2023,Villeneuve-sur-Yonne,Commune,dataset_pdf_88.txt,23/02/2023
1509/abedb_PV-9-FEVRIER-2023.pdf,https://evrycourcouronnes.fr/wp-content/uploads/2021/09/PV-9-FEVRIER-2023.pdf,https://datapolitics-public.s3.gra.io.cloud.ovh.net/LORIA/1509/abedb_PV-9-FEVRIER-2023.pdf,https://datapolitics-public.s3.gra.io.cloud.ovh.net/LORIA/txt/1509/abedb_PV-9-FEVRIER-2023.pdf.txt,pv.full,09/02/2023,Évry-Courcouronnes,Commune,dataset_pdf_89.txt,09/02/2023
1322/b8ab8_009-Demande-DETR-raccordement-reseau-de-chaleur-AR.pdf,https://www.mairie-ibos.fr/wp-content/uploads/009-Demande-DETR-raccordement-reseau-de-chaleur-AR.pdf,https://datapolitics-public.s3.gra.io.cloud.ovh.net/LORIA/1322/b8ab8_009-Demande-DETR-raccordement-reseau-de-chaleur-AR.pdf,https://datapolitics-public.s3.gra.io.cloud.ovh.net/LORIA/txt/1322/b8ab8_009-Demande-DETR-raccordement-reseau-de-chaleur-AR.pdf.txt,acte.delib,03/02/2023,Ibos,Commune,dataset_pdf_90.txt,03/02/2023
6357/8bef3_1698228857-PV---Conseil-Municipal-06-02-2023.pdf,http://www.ville-saint-ay.fr/userfile/fichier-telechargement/1698228857-PV---Conseil-Municipal-06-02-2023.pdf,https://datapolitics-public.s3.gra.io.cloud.ovh.net/LORIA/6357/8bef3_1698228857-PV---Conseil-Municipal-06-02-2023.pdf,https://datapolitics-public.s3.gra.io.cloud.ovh.net/LORIA/txt/6357/8bef3_1698228857-PV---Conseil-Municipal-06-02-2023.pdf.txt,pv.cr,06/02/2023,Saint-Ay,Commune,dataset_pdf_91.txt,06/02/2023
4094/48c903506317b18c06d043d90537583cd95fa0fa_1-2_del20230003_,https://www.ville-noisiel.fr/wp-content/uploads/2023/04/1-2_del20230003_ROB_acquitt.pdf,https://datapolitics-public.s3.gra.io.cloud.ovh.net/LORIA/4094/48c903506317b18c06d043d90537583cd95fa0fa_1-2_del20230003_,https://datapolitics-public.s3.gra.io.cloud.ovh.net/LORIA/txt/4094/48c903506317b18c06d043d90537583cd95fa0fa_1-2_del20230003_.txt,acte.delib,07/03/2023,Noisiel,Commune,dataset_pdf_92.txt,07/03/2023
3904/25922b23670a649ceb3a73a62760d8e340779dd8_Proces-verbal-du,https://www.mairie-cessy.fr/wp-content/uploads/2023/03/Proces-verbal-du-conseil-municipal-du-6-mars-2023.pdf,https://datapolitics-public.s3.gra.io.cloud.ovh.net/LORIA/3904/25922b23670a649ceb3a73a62760d8e340779dd8_Proces-verbal-du,https://datapolitics-public.s3.gra.io.cloud.ovh.net/LORIA/txt/3904/25922b23670a649ceb3a73a62760d8e340779dd8_Proces-verbal-du.txt,pv.cr,06/03/2023,Cessy,Commune,dataset_pdf_93.txt,06/03/2023
3245/f50038dafee07af671e46f8b6d58cc28cd0191a8_PV-CP-2023-03-29,https://www.iledefrance.fr/actes/proces-verbaux/PV-CP-2023-03-29.pdf,https://datapolitics-public.s3.gra.io.cloud.ovh.net/LORIA/3245/f50038dafee07af671e46f8b6d58cc28cd0191a8_PV-CP-2023-03-29,https://datapolitics-public.s3.gra.io.cloud.ovh.net/LORIA/txt/3245/f50038dafee07af671e46f8b6d58cc28cd0191a8_PV-CP-2023-03-29.txt,pv.cr,29/03/2023,Île-de-France,Conseil régional,dataset_pdf_94.txt,29/03/2023
295/d6cc0b38662d547297633c711e2b8db289ecafdd_pv_23.03.23-_sip,http://www.champignysurmarne.fr/sites/default/files/media/documents/pv_23.03.23-_sipperec.pdf,https://datapolitics-public.s3.gra.io.cloud.ovh.net/LORIA/295/d6cc0b38662d547297633c711e2b8db289ecafdd_pv_23.03.23-_sip,https://datapolitics-public.s3.gra.io.cloud.ovh.net/LORIA/txt/295/d6cc0b38662d547297633c711e2b8db289ecafdd_pv_23.03.23-_sip.txt,dlao.autres,23/03/2023,Champigny-sur-Marne,Commune,dataset_pdf_95.txt,23/03/2023
2842/250b5ed8ca137c30b522abd4602e6df422d9defc_PV-20231219.pdf,https://cc-ecueille-valencay.fr/wp-content/uploads/2024/03/PV-20231219.pdf,https://datapolitics-public.s3.gra.io.cloud.ovh.net/LORIA/2842/250b5ed8ca137c30b522abd4602e6df422d9defc_PV-20231219.pdf,https://datapolitics-public.s3.gra.io.cloud.ovh.net/LORIA/txt/2842/250b5ed8ca137c30b522abd4602e6df422d9defc_PV-20231219.pdf.txt,pv.cr,19/12/2023,CC Écueillé-Valençay,Intercommunalité,dataset_pdf_96.txt,19/12/2023
2842/547b473612b30ea1ff79e5ab609f32a24c21287e_PV-BUREAU-202402,https://cc-ecueille-valencay.fr/wp-content/uploads/2024/03/PV-BUREAU-20240226.pdf,https://datapolitics-public.s3.gra.io.cloud.ovh.net/LORIA/2842/547b473612b30ea1ff79e5ab609f32a24c21287e_PV-BUREAU-202402,https://datapolitics-public.s3.gra.io.cloud.ovh.net/LORIA/txt/2842/547b473612b30ea1ff79e5ab609f32a24c21287e_PV-BUREAU-202402.txt,pv.cr,26/02/2024,CC Écueillé-Valençay,Intercommunalité,dataset_pdf_97.txt,26/02/2024
3232/bd51d_pv_global_a_afficher.pdf,http://recherche.lozere.fr/raa/proces-verbal-des-debats/pv_global_a_afficher.pdf,https://datapolitics-public.s3.gra.io.cloud.ovh.net/LORIA/3232/bd51d_pv_global_a_afficher.pdf,https://datapolitics-public.s3.gra.io.cloud.ovh.net/LORIA/txt/3232/bd51d_pv_global_a_afficher.pdf.txt,acte.delib,20/03/2023,Préfecture - Lozère,Préfecture,dataset_pdf_98.txt,16/12/2022
1970/4b8988d9cbe60f1f628e777ed666a6c4c1dc18d5_6_Pieces_adminis,https://pau.fr/sites/default/files/media/document/2023-11/6_Pieces_administratives_30032023_0.pdf,https://datapolitics-public.s3.gra.io.cloud.ovh.net/LORIA/1970/4b8988d9cbe60f1f628e777ed666a6c4c1dc18d5_6_Pieces_adminis,https://datapolitics-public.s3.gra.io.cloud.ovh.net/LORIA/txt/1970/4b8988d9cbe60f1f628e777ed666a6c4c1dc18d5_6_Pieces_adminis.txt,pv.full,30/03/2023,Pau,Commune,dataset_pdf_100.txt,30/03/2023
6833/1c68960b183b7a1285cccef2eb51e67c35e40a87_2023-03-03-N°031,https://www.vienne.gouv.fr/contenu/telechargement/35507/227166/file/2023-03-03-N°031.pdf,https://datapolitics-public.s3.gra.io.cloud.ovh.net/LORIA/6833/1c68960b183b7a1285cccef2eb51e67c35e40a87_2023-03-03-N°031,https://datapolitics-public.s3.gra.io.cloud.ovh.net/LORIA/txt/6833/1c68960b183b7a1285cccef2eb51e67c35e40a87_2023-03-03-N°031.txt,acte.arrete,03/03/2023,Préfecture - Vienne,Préfecture,dataset_pdf_101.txt,03/03/2023
6747/dadacec9ea0ff2a9856b9ca19a6e6713abcbd0cf_recueil-01-2023-,https://www.ain.gouv.fr/contenu/telechargement/20960/146791/file/recueil-01-2023-060-recueil-des-actes-administratifs-special 31-03-2023.pdf,https://datapolitics-public.s3.gra.io.cloud.ovh.net/LORIA/6747/dadacec9ea0ff2a9856b9ca19a6e6713abcbd0cf_recueil-01-2023-,https://datapolitics-public.s3.gra.io.cloud.ovh.net/LORIA/txt/6747/dadacec9ea0ff2a9856b9ca19a6e6713abcbd0cf_recueil-01-2023-.txt,acte.arrete,31/03/2023,Préfecture - Ain,Préfecture,dataset_pdf_102.txt,31/03/2023
992/e44e2_cr_sommaire_cm_du_7_fevrier.pdf,http://www.saint-gilles.fr/IMG/pdf/cr_sommaire_cm_du_7_fevrier.pdf,https://datapolitics-public.s3.gra.io.cloud.ovh.net/LORIA/992/e44e2_cr_sommaire_cm_du_7_fevrier.pdf,https://datapolitics-public.s3.gra.io.cloud.ovh.net/LORIA/txt/992/e44e2_cr_sommaire_cm_du_7_fevrier.pdf.txt,acte.delib,07/02/2023,Saint-Gilles,Commune,dataset_pdf_104.txt,07/02/2023
1322/b9e3c_003-Raccordement-reseau-de-chaleur-choix-du-BE-AR.pdf,https://www.mairie-ibos.fr/wp-content/uploads/003-Raccordement-reseau-de-chaleur-choix-du-BE-AR.pdf,https://datapolitics-public.s3.gra.io.cloud.ovh.net/LORIA/1322/b9e3c_003-Raccordement-reseau-de-chaleur-choix-du-BE-AR.pdf,https://datapolitics-public.s3.gra.io.cloud.ovh.net/LORIA/txt/1322/b9e3c_003-Raccordement-reseau-de-chaleur-choix-du-BE-AR.pdf.txt,acte.delib,03/02/2023,Ibos,Commune,dataset_pdf_105.txt,03/02/2023
2726/1b9b5818b354e5f5fc7fbccf89e6487e9bb247f4_PV-08-02-24.pdf,https://ccchr.fr/wp-content/uploads/2024/02/PV-08-02-24.pdf,https://datapolitics-public.s3.gra.io.cloud.ovh.net/LORIA/2726/1b9b5818b354e5f5fc7fbccf89e6487e9bb247f4_PV-08-02-24.pdf,https://datapolitics-public.s3.gra.io.cloud.ovh.net/LORIA/txt/2726/1b9b5818b354e5f5fc7fbccf89e6487e9bb247f4_PV-08-02-24.pdf.txt,pv.cr,08/02/2024,CC du Centre du Haut-Rhin,Intercommunalité,dataset_pdf_107.txt,07/12/2023
3132/9146e_cms_viewFile.php,https://www.grandbourg.fr/cms_viewFile.php?idtf=19116&path=2023-03-20-Proces-Verbal-du-Bureau.pdf,https://datapolitics-public.s3.gra.io.cloud.ovh.net/LORIA/3132/9146e_cms_viewFile.php,https://datapolitics-public.s3.gra.io.cloud.ovh.net/LORIA/txt/3132/9146e_cms_viewFile.php.txt,pv.cr,20/03/2023,CA du Bassin de Bourg-en-Bresse,Intercommunalité,dataset_pdf_108.txt,20/03/2023
2512/05207_cr_17_mars_2023.pdf,https://www.legiennois.fr/images/3-Boismorand/cr_17_mars_2023.pdf,https://datapolitics-public.s3.gra.io.cloud.ovh.net/LORIA/2512/05207_cr_17_mars_2023.pdf,https://datapolitics-public.s3.gra.io.cloud.ovh.net/LORIA/txt/2512/05207_cr_17_mars_2023.pdf.txt,pv.cr,17/03/2023,CC Giennoises,Intercommunalité,dataset_pdf_109.txt,17/03/2023
1859/1a268b72f7a3aea0eb1724a771a2f47810fc778b_PV_CM_07122022.p,https://www.montreuil.fr/fileadmin/user_upload/Gestion-Documentaire/CR_des_conseils_municipaux/PV_CM_07122022.pdf,https://datapolitics-public.s3.gra.io.cloud.ovh.net/LORIA/1859/1a268b72f7a3aea0eb1724a771a2f47810fc778b_PV_CM_07122022.p,https://datapolitics-public.s3.gra.io.cloud.ovh.net/LORIA/txt/1859/1a268b72f7a3aea0eb1724a771a2f47810fc778b_PV_CM_07122022.p.txt,pv.full,07/12/2022,Montreuil,Commune,dataset_pdf_110.txt,07/12/2022
992/7e3d0_cr_sommaire_cm_du_7_fevrier.pdf,https://www.saint-gilles.fr/IMG/pdf/cr_sommaire_cm_du_7_fevrier.pdf,https://datapolitics-public.s3.gra.io.cloud.ovh.net/LORIA/992/7e3d0_cr_sommaire_cm_du_7_fevrier.pdf,https://datapolitics-public.s3.gra.io.cloud.ovh.net/LORIA/txt/992/7e3d0_cr_sommaire_cm_du_7_fevrier.pdf.txt,acte.delib,07/02/2023,Saint-Gilles,Commune,dataset_pdf_111.txt,07/02/2023
2939/f927e5448eb544d2bd5538c54e23cff31c7ca74c_PV-Conseil-du-09,https://maconnais-tournugeois.fr/wp-content/uploads/2024/03/PV-Conseil-du-09-11-23-3.pdf,https://datapolitics-public.s3.gra.io.cloud.ovh.net/LORIA/2939/f927e5448eb544d2bd5538c54e23cff31c7ca74c_PV-Conseil-du-09,https://datapolitics-public.s3.gra.io.cloud.ovh.net/LORIA/txt/2939/f927e5448eb544d2bd5538c54e23cff31c7ca74c_PV-Conseil-du-09.txt,pv.cr,09/11/2023,CC Mâconnais - Tournugeois,Intercommunalité,dataset_pdf_112.txt,09/11/2023
1044/00d81_Deliberations_Conseil-Municipal_16-fevrier-2023.pdf,https://www.portetgaronne.fr/wp-content/uploads/2023/02/Deliberations_Conseil-Municipal_16-fevrier-2023.pdf,https://datapolitics-public.s3.gra.io.cloud.ovh.net/LORIA/1044/00d81_Deliberations_Conseil-Municipal_16-fevrier-2023.pdf,https://datapolitics-public.s3.gra.io.cloud.ovh.net/LORIA/txt/1044/00d81_Deliberations_Conseil-Municipal_16-fevrier-2023.pdf.txt,acte.delib,16/02/2023,Portet-sur-Garonne,Commune,dataset_pdf_113.txt,16/02/2023
5691/89111384f12ecdbf309ffe5b40bfc4925569b872_PV-16-janvier-20,http://www.mairiedeniherne.fr/wp-content/uploads/2023/01/PV-16-janvier-2023.pdf,https://datapolitics-public.s3.gra.io.cloud.ovh.net/LORIA/5691/89111384f12ecdbf309ffe5b40bfc4925569b872_PV-16-janvier-20,https://datapolitics-public.s3.gra.io.cloud.ovh.net/LORIA/txt/5691/89111384f12ecdbf309ffe5b40bfc4925569b872_PV-16-janvier-20.txt,pv.cr,16/01/2023,Niherne,Commune,dataset_pdf_114.txt,16/01/2023
3245/9b40a6a822a9dc29aed45e9a3846a1e98baf898e_CP2023-024DEL.pd,https://www.iledefrance.fr/actes/deliberations/CP2023-024DEL.pdf,https://datapolitics-public.s3.gra.io.cloud.ovh.net/LORIA/3245/9b40a6a822a9dc29aed45e9a3846a1e98baf898e_CP2023-024DEL.pd,https://datapolitics-public.s3.gra.io.cloud.ovh.net/LORIA/txt/3245/9b40a6a822a9dc29aed45e9a3846a1e98baf898e_CP2023-024DEL.pd.txt,pv.cr,26/01/2023,Île-de-France,Conseil régional,dataset_pdf_116.txt,25/01/2023
3878/038bda8f0a7930f010231ecb2201f998891ab4ad_Liste_des_dlibra,http://www.ville-notre-dame-doe.fr/images/documents/deliberations/Liste_des_dlibrations_23-01-2023.pdf,https://datapolitics-public.s3.gra.io.cloud.ovh.net/LORIA/3878/038bda8f0a7930f010231ecb2201f998891ab4ad_Liste_des_dlibra,https://datapolitics-public.s3.gra.io.cloud.ovh.net/LORIA/txt/3878/038bda8f0a7930f010231ecb2201f998891ab4ad_Liste_des_dlibra.txt,acte.delib,23/01/2023,Notre-Dame-d'Oé,Commune,dataset_pdf_117.txt,30/01/2023
5608/baffa9d29d3833b2125ac898177d6b8f3766eb8c_liste-delib-cm-d,https://commune-aiglun04.fr/download/liste-delib-cm-du-27-02-2023/?wpdmdl=3482&refresh=65f1d211d70461710346769&ind=1678806873315&filename=compte-rendu-signe.pdf,https://datapolitics-public.s3.gra.io.cloud.ovh.net/LORIA/5608/baffa9d29d3833b2125ac898177d6b8f3766eb8c_liste-delib-cm-d,https://datapolitics-public.s3.gra.io.cloud.ovh.net/LORIA/txt/5608/baffa9d29d3833b2125ac898177d6b8f3766eb8c_liste-delib-cm-d.txt,pv.cr,27/02/2023,Aiglun,Commune,dataset_pdf_118.txt,27/02/2023
295/8b4420629105edc627aaf8663add01b9d3dd2bb8_decision_modific,https://www.champignysurmarne.fr/sites/default/files/media/documents/decision_modificative_2_-_sipperec.pdf,https://datapolitics-public.s3.gra.io.cloud.ovh.net/LORIA/295/8b4420629105edc627aaf8663add01b9d3dd2bb8_decision_modific,https://datapolitics-public.s3.gra.io.cloud.ovh.net/LORIA/txt/295/8b4420629105edc627aaf8663add01b9d3dd2bb8_decision_modific.txt,bdj,20/02/2023,Champigny-sur-Marne,Commune,dataset_pdf_119.txt,20/02/2023
295/ce115bef8800e8b3f85eec7d90bd851c128bbc6c__rob_2023_sipper,https://www.champignysurmarne.fr/sites/default/files/media/documents/_rob_2023_sipperec.pdf,https://datapolitics-public.s3.gra.io.cloud.ovh.net/LORIA/295/ce115bef8800e8b3f85eec7d90bd851c128bbc6c__rob_2023_sipper,https://datapolitics-public.s3.gra.io.cloud.ovh.net/LORIA/txt/295/ce115bef8800e8b3f85eec7d90bd851c128bbc6c__rob_2023_sipper.txt,acte.delib,20/02/2023,Champigny-sur-Marne,Commune,dataset_pdf_120.txt,19/10/2022
3807/654e4d5863cbd353b3f1504b7416774a5502e671_23-02-07-CM-Proc,http://www.sainte-maure-de-touraine.fr/userfiles/files/23-02-07-CM-Proc%C3%A8s-Verbal.pdf,https://datapolitics-public.s3.gra.io.cloud.ovh.net/LORIA/3807/654e4d5863cbd353b3f1504b7416774a5502e671_23-02-07-CM-Proc,https://datapolitics-public.s3.gra.io.cloud.ovh.net/LORIA/txt/3807/654e4d5863cbd353b3f1504b7416774a5502e671_23-02-07-CM-Proc.txt,pv.full,08/02/2023,Sainte-Maure-de-Touraine,Commune,dataset_pdf_121.txt,08/02/2023
5191/ef52d1c8d96c6bba560fd910ca2afb420aca3ea2_PV-CM-14.02.2023,https://www.chazelles-sur-lyon.fr/wp-content/uploads/2023/03/PV-CM-14.02.2023.pdf,https://datapolitics-public.s3.gra.io.cloud.ovh.net/LORIA/5191/ef52d1c8d96c6bba560fd910ca2afb420aca3ea2_PV-CM-14.02.2023,https://datapolitics-public.s3.gra.io.cloud.ovh.net/LORIA/txt/5191/ef52d1c8d96c6bba560fd910ca2afb420aca3ea2_PV-CM-14.02.2023.txt,pv.cr,14/02/2023,Chazelles-sur-Lyon,Commune,dataset_pdf_122.txt,14/02/2023
7077/2f1af77d5776a9936053906f8863e610a7c5bacd_cdcmoevf-20.02.2,https://www.apc-paris.com/app/uploads/2023/11/cdcmoevf-20.02.23.pdf,https://datapolitics-public.s3.gra.io.cloud.ovh.net/LORIA/7077/2f1af77d5776a9936053906f8863e610a7c5bacd_cdcmoevf-20.02.2,https://datapolitics-public.s3.gra.io.cloud.ovh.net/LORIA/txt/7077/2f1af77d5776a9936053906f8863e610a7c5bacd_cdcmoevf-20.02.2.txt,acte.arrete,20/02/2023,Agence Parisienne du Climat (APC),Autre partie prenante,dataset_pdf_123.txt,20/03/2023
1761/700d00b01799bc502e7ca67dfedd4edf7be58398_showFile.jsp,https://elbeuf-webdelibplus.digitechcloud.fr/webdelibplus/jsp/showFile.jsp?pdf=mZmAlOzW2abRe7BjnYFM2bDB2g%2BSdYBVZ%2FjzRqVwqBrlnXBg1J%2Fyh4aXwFdoaCAaF%2FABE9ma77eqWBppEJb%2FoITROTpXY5wGDMS%2BPRca5vBWmH2D6CK2z9l2IIIjzTHlmwS5wcpdPSP3QaFPS1PPp5qzrjBjrNNI,https://datapolitics-public.s3.gra.io.cloud.ovh.net/LORIA/1761/700d00b01799bc502e7ca67dfedd4edf7be58398_showFile.jsp,https://datapolitics-public.s3.gra.io.cloud.ovh.net/LORIA/txt/1761/700d00b01799bc502e7ca67dfedd4edf7be58398_showFile.jsp.txt,pv.cr,10/02/2023,Elbeuf,Commune,dataset_pdf_124.txt,10/02/2023
7001/aac1128da2b609d26f66215327a10d7daaebf1d0_20230216_PLUi_De,https://www.grandorlyseinebievre.fr/fileadmin/PORTAIL/PLUi/D%C3%A9bats_PADD/20230216_PLUi_DebatPADD_ViryChatillon_Delib.pdf,https://datapolitics-public.s3.gra.io.cloud.ovh.net/LORIA/7001/aac1128da2b609d26f66215327a10d7daaebf1d0_20230216_PLUi_De,https://datapolitics-public.s3.gra.io.cloud.ovh.net/LORIA/txt/7001/aac1128da2b609d26f66215327a10d7daaebf1d0_20230216_PLUi_De.txt,pv.cr,16/02/2023,SM central de traitement des ordures ménagères (SYCTOM),Autre groupement,dataset_pdf_125.txt,16/02/2023
1924/ebf8d9a6654715b394cca27dd04e00abe6f5d76e_1._Proces-verbal,https://www.ville-villiers-le-bel.fr/fileadmin/www.ville-villiers-le-bel.fr/MEDIA/Publications_legales/Actes/Villiers-le-bel/Deliberation/2023/03/1._Proces-verbal_de_la_seance_du_Conseil_Municipal_du_3_fevrier_2023.pdf,https://datapolitics-public.s3.gra.io.cloud.ovh.net/LORIA/1924/ebf8d9a6654715b394cca27dd04e00abe6f5d76e_1._Proces-verbal,https://datapolitics-public.s3.gra.io.cloud.ovh.net/LORIA/txt/1924/ebf8d9a6654715b394cca27dd04e00abe6f5d76e_1._Proces-verbal.txt,pv.cr,03/02/2023,Villiers-le-Bel,Commune,dataset_pdf_126.txt,03/02/2023
1924/64d361c5d35d5222ca295ee1af083a8a7ad209c3_Proces-verbal_de,https://www.ville-villiers-le-bel.fr/fileadmin/www.ville-villiers-le-bel.fr/MEDIA/Publications_legales/Actes/Villiers-le-bel/Documents/2023/03/Proces-verbal_de_la_seance_du_Conseil_Municipal_du_3_fevrier_2023.pdf,https://datapolitics-public.s3.gra.io.cloud.ovh.net/LORIA/1924/64d361c5d35d5222ca295ee1af083a8a7ad209c3_Proces-verbal_de,https://datapolitics-public.s3.gra.io.cloud.ovh.net/LORIA/txt/1924/64d361c5d35d5222ca295ee1af083a8a7ad209c3_Proces-verbal_de.txt,pv.cr,03/02/2023,Villiers-le-Bel,Commune,dataset_pdf_127.txt,03/02/2023
1500/8e894fa17d3c18ca9f22dbe579ac12624474e26f_A2023_15_Diverse,https://www.chelles.fr/wp-content/uploads/2023/01/A2023_15_Diverses_Voies.pdf,https://datapolitics-public.s3.gra.io.cloud.ovh.net/LORIA/1500/8e894fa17d3c18ca9f22dbe579ac12624474e26f_A2023_15_Diverse,https://datapolitics-public.s3.gra.io.cloud.ovh.net/LORIA/txt/1500/8e894fa17d3c18ca9f22dbe579ac12624474e26f_A2023_15_Diverse.txt,acte.raa,15/01/2023,Chelles,Commune,dataset_pdf_128.txt,02/01/2023
3245/8f53c33b992ede059b4a43bf960b142340d2ac6b_CP2023-017DEL.pd,https://www.iledefrance.fr/actes/deliberations/CP2023-017DEL.pdf,https://datapolitics-public.s3.gra.io.cloud.ovh.net/LORIA/3245/8f53c33b992ede059b4a43bf960b142340d2ac6b_CP2023-017DEL.pd,https://datapolitics-public.s3.gra.io.cloud.ovh.net/LORIA/txt/3245/8f53c33b992ede059b4a43bf960b142340d2ac6b_CP2023-017DEL.pd.txt,pv.cr,25/01/2023,Île-de-France,Conseil régional,dataset_pdf_129.txt,25/01/2023
6800/b9691a081de8b5bc312e3152f582de1dc896fe50_7_recueil_des_ac,https://www.lot-et-garonne.gouv.fr/contenu/telechargement/17870/134586/file/7_recueil_des_actes_administratifs_special_no47-2023-007_du_13_01_2023.pdf,https://datapolitics-public.s3.gra.io.cloud.ovh.net/LORIA/6800/b9691a081de8b5bc312e3152f582de1dc896fe50_7_recueil_des_ac,https://datapolitics-public.s3.gra.io.cloud.ovh.net/LORIA/txt/6800/b9691a081de8b5bc312e3152f582de1dc896fe50_7_recueil_des_ac.txt,acte.arrete,13/01/2023,Préfecture - Lot-et-Garonne,Préfecture,dataset_pdf_130.txt,13/01/2023
1473/d5e31731ccae41a8849411ff9be2342bc6304a46_CR-du-25.01.2023,https://villedechamphol.fr/wp-content/uploads/2024/02/CR-du-25.01.2023.pdf,https://datapolitics-public.s3.gra.io.cloud.ovh.net/LORIA/1473/d5e31731ccae41a8849411ff9be2342bc6304a46_CR-du-25.01.2023,https://datapolitics-public.s3.gra.io.cloud.ovh.net/LORIA/txt/1473/d5e31731ccae41a8849411ff9be2342bc6304a46_CR-du-25.01.2023.txt,pv.cr,25/01/2023,Champhol,Commune,dataset_pdf_133.txt,25/01/2023
2196/7b662_PV-CC-SRA-2022_12_14.pdf,https://www.sud-retz-atlantique.fr/wp-content/uploads/2023/01/PV-CC-SRA-2022_12_14.pdf,https://datapolitics-public.s3.gra.io.cloud.ovh.net/LORIA/2196/7b662_PV-CC-SRA-2022_12_14.pdf,https://datapolitics-public.s3.gra.io.cloud.ovh.net/LORIA/txt/2196/7b662_PV-CC-SRA-2022_12_14.pdf.txt,pv.cr,14/12/2022,CC Sud Retz Atlantique,Intercommunalité,dataset_pdf_134.txt,09/11/2022
1378/26c67_PV-13-decembre-2022.pdf,https://www.sgdb91.com/wp-content/uploads/2023/03/PV-13-decembre-2022.pdf,https://datapolitics-public.s3.gra.io.cloud.ovh.net/LORIA/1378/26c67_PV-13-decembre-2022.pdf,https://datapolitics-public.s3.gra.io.cloud.ovh.net/LORIA/txt/1378/26c67_PV-13-decembre-2022.pdf.txt,pv.full,13/12/2022,Sainte-Geneviève-des-Bois,Commune,dataset_pdf_135.txt,27/03/2023
669/c9b6d_7-Procs-verbal_20221212.pdf,https://www.puygouzon.fr/wp-content/uploads/2021/05/7-Procs-verbal_20221212.pdf,https://datapolitics-public.s3.gra.io.cloud.ovh.net/LORIA/669/c9b6d_7-Procs-verbal_20221212.pdf,https://datapolitics-public.s3.gra.io.cloud.ovh.net/LORIA/txt/669/c9b6d_7-Procs-verbal_20221212.pdf.txt,pv.cr,12/12/2022,Puygouzon,Commune,dataset_pdf_136.txt,12/12/2022
5371/98f72_CR-du-20.12.2022-2.pdf,https://corquilleroy.fr/wp-content/uploads/sites/377/2023/02/CR-du-20.12.2022-2.pdf,https://datapolitics-public.s3.gra.io.cloud.ovh.net/LORIA/5371/98f72_CR-du-20.12.2022-2.pdf,https://datapolitics-public.s3.gra.io.cloud.ovh.net/LORIA/txt/5371/98f72_CR-du-20.12.2022-2.pdf.txt,pv.cr,20/12/2022,Corquilleroy,Commune,dataset_pdf_137.txt,03/11/2020
5431/fb5a9_DEC542022_TPN-Decision-dde-subvention-ADEME-Groupe-scolaire.pdf,https://www.ville-aucamville.fr/wp-content/uploads/2022/12/DEC542022_TPN-Decision-dde-subvention-ADEME-Groupe-scolaire.pdf,https://datapolitics-public.s3.gra.io.cloud.ovh.net/LORIA/5431/fb5a9_DEC542022_TPN-Decision-dde-subvention-ADEME-Groupe-scolaire.pdf,https://datapolitics-public.s3.gra.io.cloud.ovh.net/LORIA/txt/5431/fb5a9_DEC542022_TPN-Decision-dde-subvention-ADEME-Groupe-scolaire.pdf.txt,acte.arrete,15/12/2022,Aucamville,Commune,dataset_pdf_139.txt,15/12/2022
3241/135dc_Compte_Administratif_Rapport_2022.pdf,https://www.centre-valdeloire.fr/sites/default/files/media/document/2023-07/Compte_Administratif_Rapport_2022.pdf,https://datapolitics-public.s3.gra.io.cloud.ovh.net/LORIA/3241/135dc_Compte_Administratif_Rapport_2022.pdf,https://datapolitics-public.s3.gra.io.cloud.ovh.net/LORIA/txt/3241/135dc_Compte_Administratif_Rapport_2022.pdf.txt,bdj,31/12/2022,Centre-Val de Loire,Conseil régional,dataset_pdf_141.txt,31/12/2022
1943/5b7c2_PV-seance-14-decembre-2022-signe.pdf,https://www.tours.fr/app/uploads/2023/02/PV-seance-14-decembre-2022-signe.pdf,https://datapolitics-public.s3.gra.io.cloud.ovh.net/LORIA/1943/5b7c2_PV-seance-14-decembre-2022-signe.pdf,https://datapolitics-public.s3.gra.io.cloud.ovh.net/LORIA/txt/1943/5b7c2_PV-seance-14-decembre-2022-signe.pdf.txt,pv.cr,14/12/2022,Tours,Commune,dataset_pdf_142.txt,31/12/2021
679/3452b_crca-1912.pdf,https://www.rosnysousbois.fr/wp-content/uploads/2023/02/crca-1912.pdf,https://datapolitics-public.s3.gra.io.cloud.ovh.net/LORIA/679/3452b_crca-1912.pdf,https://datapolitics-public.s3.gra.io.cloud.ovh.net/LORIA/txt/679/3452b_crca-1912.pdf.txt,pv.cr,19/12/2022,Rosny-sous-Bois,Commune,dataset_pdf_144.txt,19/12/2022
1408/2c40d_001_-_ag_-_02_-_proces_verbal_de_la_seance_du_15_decembre_2022.pdf,https://www.ville-sevran.fr/sites/default/files/001_-_ag_-_02_-_proces_verbal_de_la_seance_du_15_decembre_2022.pdf,https://datapolitics-public.s3.gra.io.cloud.ovh.net/LORIA/1408/2c40d_001_-_ag_-_02_-_proces_verbal_de_la_seance_du_15_decembre_2022.pdf,https://datapolitics-public.s3.gra.io.cloud.ovh.net/LORIA/txt/1408/2c40d_001_-_ag_-_02_-_proces_verbal_de_la_seance_du_15_decembre_2022.pdf.txt,pv.full,15/12/2022,Sevran,Commune,dataset_pdf_145.txt,13/10/2022
1364/0c611_conseil_municipal_2022-12-14_odj.pdf,https://www.villejuif.fr/fileadmin/www.ville-villejuif.fr/MEDIA/Rubriques/Ma_ville/Democratie/Compte-rendus-conseil/Compte-rendus-conseil_2022/conseil_municipal_2022-12-14_odj.pdf,https://datapolitics-public.s3.gra.io.cloud.ovh.net/LORIA/1364/0c611_conseil_municipal_2022-12-14_odj.pdf,https://datapolitics-public.s3.gra.io.cloud.ovh.net/LORIA/txt/1364/0c611_conseil_municipal_2022-12-14_odj.pdf.txt,pv.cr,14/12/2022,Villejuif,Commune,dataset_pdf_146.txt,14/12/2022
1364/c68e7_conseil_municipal_2022-12-14_liste.pdf,https://www.villejuif.fr/fileadmin/www.ville-villejuif.fr/MEDIA/Rubriques/Ma_ville/Democratie/Compte-rendus-conseil/Compte-rendus-conseil_2022/conseil_municipal_2022-12-14_liste.pdf,https://datapolitics-public.s3.gra.io.cloud.ovh.net/LORIA/1364/c68e7_conseil_municipal_2022-12-14_liste.pdf,https://datapolitics-public.s3.gra.io.cloud.ovh.net/LORIA/txt/1364/c68e7_conseil_municipal_2022-12-14_liste.pdf.txt,pv.cr,14/12/2022,Villejuif,Commune,dataset_pdf_147.txt,14/12/2022
3232/4a090_pv_a_afficher.pdf,http://recherche.lozere.fr/raa/pv_a_afficher.pdf,https://datapolitics-public.s3.gra.io.cloud.ovh.net/LORIA/3232/4a090_pv_a_afficher.pdf,https://datapolitics-public.s3.gra.io.cloud.ovh.net/LORIA/txt/3232/4a090_pv_a_afficher.pdf.txt,acte.delib,16/12/2022,Préfecture - Lozère,Préfecture,dataset_pdf_148.txt,24/10/2022
6923/648f3b9f4b009cf2bd08ce8c545a21c7ea40d244_Liste-des-delibe,https://arthun.fr/wp-content/uploads/sites/436/2018/08/Liste-des-deliberations-du-9-12-22.pdf,https://datapolitics-public.s3.gra.io.cloud.ovh.net/LORIA/6923/648f3b9f4b009cf2bd08ce8c545a21c7ea40d244_Liste-des-delibe,https://datapolitics-public.s3.gra.io.cloud.ovh.net/LORIA/txt/6923/648f3b9f4b009cf2bd08ce8c545a21c7ea40d244_Liste-des-delibe.txt,pv.cr,09/12/2022,Arthun,Commune,dataset_pdf_149.txt,09/12/2022
6923/9e59b3cfd42fedaae9cac10a512af6dbc213c885_PV-du-09-12-22.p,https://arthun.fr/wp-content/uploads/sites/436/2018/08/PV-du-09-12-22.pdf,https://datapolitics-public.s3.gra.io.cloud.ovh.net/LORIA/6923/9e59b3cfd42fedaae9cac10a512af6dbc213c885_PV-du-09-12-22.p,https://datapolitics-public.s3.gra.io.cloud.ovh.net/LORIA/txt/6923/9e59b3cfd42fedaae9cac10a512af6dbc213c885_PV-du-09-12-22.p.txt,pv.cr,09/12/2022,Arthun,Commune,dataset_pdf_150.txt,09/12/2022
3031/3bb1e_Reglement_assainissement-2022-12-08_compressed.pdf,https://www.cc-guebwiller.fr/wp-content/uploads/2022/12/Reglement_assainissement-2022-12-08_compressed.pdf,https://datapolitics-public.s3.gra.io.cloud.ovh.net/LORIA/3031/3bb1e_Reglement_assainissement-2022-12-08_compressed.pdf,https://datapolitics-public.s3.gra.io.cloud.ovh.net/LORIA/txt/3031/3bb1e_Reglement_assainissement-2022-12-08_compressed.pdf.txt,dlao.autres,08/12/2022,CC de la Région de Guebwiller,Intercommunalité,dataset_pdf_151.txt,08/12/2022
1086/eca87_2022_7_4.pdf,https://www.ville-mazeres.fr/IMG/pdf/2022_7_4.pdf,https://datapolitics-public.s3.gra.io.cloud.ovh.net/LORIA/1086/eca87_2022_7_4.pdf,https://datapolitics-public.s3.gra.io.cloud.ovh.net/LORIA/txt/1086/eca87_2022_7_4.pdf.txt,acte.delib,22/12/2022,Mazères,Commune,dataset_pdf_152.txt,22/12/2022
1542/5587f_pv_cm_du_12-12-2022_signe.pdf,https://www.villedegarges.fr/sites/default/files/pv_cm_du_12-12-2022_signe.pdf,https://datapolitics-public.s3.gra.io.cloud.ovh.net/LORIA/1542/5587f_pv_cm_du_12-12-2022_signe.pdf,https://datapolitics-public.s3.gra.io.cloud.ovh.net/LORIA/txt/1542/5587f_pv_cm_du_12-12-2022_signe.pdf.txt,pv.cr,12/12/2022,Garges-lès-Gonesse,Commune,dataset_pdf_153.txt,12/12/None
1286/3d996_031bdca62d36f6fc43f2c53eb45966d54dcb7f78.pdf,https://www.velizy-villacoublay.fr/uploads/media/default/0001/14/031bdca62d36f6fc43f2c53eb45966d54dcb7f78.pdf,https://datapolitics-public.s3.gra.io.cloud.ovh.net/LORIA/1286/3d996_031bdca62d36f6fc43f2c53eb45966d54dcb7f78.pdf,https://datapolitics-public.s3.gra.io.cloud.ovh.net/LORIA/txt/1286/3d996_031bdca62d36f6fc43f2c53eb45966d54dcb7f78.pdf.txt,pv.cr,21/12/2022,Vélizy-Villacoublay,Commune,dataset_pdf_154.txt,21/12/2022
1038/ededb5073373170b7e05341b7c3ca6b48678e594_2022-12-PROCES-V,https://meslay-du-maine.fr/wp-content/uploads/2023/02/2022-12-PROCES-VERBAL.pdf,https://datapolitics-public.s3.gra.io.cloud.ovh.net/LORIA/1038/ededb5073373170b7e05341b7c3ca6b48678e594_2022-12-PROCES-V,https://datapolitics-public.s3.gra.io.cloud.ovh.net/LORIA/txt/1038/ededb5073373170b7e05341b7c3ca6b48678e594_2022-12-PROCES-V.txt,pv.cr,15/12/2022,Meslay-du-Maine,Commune,dataset_pdf_155.txt,15/12/2022
1821/1791b0d91e0fabc3e54271b402213dc72f2463c9_blois-cm-2022121,https://www.blois.fr/sites/default/files/media/downloads/blois-cm-20221212-pv.pdf,https://datapolitics-public.s3.gra.io.cloud.ovh.net/LORIA/1821/1791b0d91e0fabc3e54271b402213dc72f2463c9_blois-cm-2022121,https://datapolitics-public.s3.gra.io.cloud.ovh.net/LORIA/txt/1821/1791b0d91e0fabc3e54271b402213dc72f2463c9_blois-cm-2022121.txt,pv.full,12/12/2022,Blois,Commune,dataset_pdf_156.txt,12/12/2022
3155/98a29_RA_EUND_2022_INDUSTRIELS.pdf,https://www.hauts-de-seine.fr/fileadmin/user_upload/Mon_departement/01_Missions_et_actions/01.6_Eau_et_assainissement/Eaux_usees_non_domestiques/RA_EUND_2022_INDUSTRIELS.pdf,https://datapolitics-public.s3.gra.io.cloud.ovh.net/LORIA/3155/98a29_RA_EUND_2022_INDUSTRIELS.pdf,https://datapolitics-public.s3.gra.io.cloud.ovh.net/LORIA/txt/3155/98a29_RA_EUND_2022_INDUSTRIELS.pdf.txt,dlao.autres,16/12/2022,Hauts-de-Seine,Conseil départemental,dataset_pdf_158.txt,16/12/2022
2069/3d471_2022-174-Centre-Aquatique-Intercommunal-Recours-a-la-geothermie-par-sondes-seches.pdf,http://www.ccplateaudelannemezan.fr/wp-content/uploads/2022/12/2022-174-Centre-Aquatique-Intercommunal-Recours-a-la-geothermie-par-sondes-seches.pdf,https://datapolitics-public.s3.gra.io.cloud.ovh.net/LORIA/2069/3d471_2022-174-Centre-Aquatique-Intercommunal-Recours-a-la-geothermie-par-sondes-seches.pdf,https://datapolitics-public.s3.gra.io.cloud.ovh.net/LORIA/txt/2069/3d471_2022-174-Centre-Aquatique-Intercommunal-Recours-a-la-geothermie-par-sondes-seches.pdf.txt,acte.delib,02/12/2022,CC du Plateau de Lannemezan,Intercommunalité,dataset_pdf_160.txt,02/12/2022
833/4198d_DEL_2022_128_Décision-MRAe-Dispense-éval-envir-Modif-4-PLU-tampon.pdf,https://grigny91.fr/wp-content/uploads/2022/12/DEL_2022_128_Décision-MRAe-Dispense-éval-envir-Modif-4-PLU-tampon.pdf,https://datapolitics-public.s3.gra.io.cloud.ovh.net/LORIA/833/4198d_DEL_2022_128_Décision-MRAe-Dispense-éval-envir-Modif-4-PLU-tampon.pdf,https://datapolitics-public.s3.gra.io.cloud.ovh.net/LORIA/txt/833/4198d_DEL_2022_128_Décision-MRAe-Dispense-éval-envir-Modif-4-PLU-tampon.pdf.txt,acte.arrete,19/12/2022,Grigny,Commune,dataset_pdf_161.txt,19/12/2022
2983/ae1b6_Decembre_2022.pdf,https://www.coeurdebrenne.fr/fileadmin/pdf/deliberations/2022/Decembre_2022.pdf,https://datapolitics-public.s3.gra.io.cloud.ovh.net/LORIA/2983/ae1b6_Decembre_2022.pdf,https://datapolitics-public.s3.gra.io.cloud.ovh.net/LORIA/txt/2983/ae1b6_Decembre_2022.pdf.txt,pv.cr,13/12/2022,CC Coeur de Brenne,Intercommunalité,dataset_pdf_162.txt,13/12/2022
2196/bcd4b_Registre-des-DELIBERATIONS-2022-MAJ-au-14dec2022.pdf,https://www.sud-retz-atlantique.fr/wp-content/uploads/2023/01/Registre-des-DELIBERATIONS-2022-MAJ-au-14dec2022.pdf,https://datapolitics-public.s3.gra.io.cloud.ovh.net/LORIA/2196/bcd4b_Registre-des-DELIBERATIONS-2022-MAJ-au-14dec2022.pdf,https://datapolitics-public.s3.gra.io.cloud.ovh.net/LORIA/txt/2196/bcd4b_Registre-des-DELIBERATIONS-2022-MAJ-au-14dec2022.pdf.txt,pv.cr,14/12/2022,CC Sud Retz Atlantique,Intercommunalité,dataset_pdf_164.txt,02/03/2022
3153/e4f2bc246378fa5b1606c1d0d8823ca28bfe9940_GUIDE_LOGEMENT_A,https://www.adil01.org/wp-content/uploads/2023/12/GUIDE_LOGEMENT_AIN_2023_WEB-1.pdf,https://datapolitics-public.s3.gra.io.cloud.ovh.net/LORIA/3153/e4f2bc246378fa5b1606c1d0d8823ca28bfe9940_GUIDE_LOGEMENT_A,https://datapolitics-public.s3.gra.io.cloud.ovh.net/LORIA/txt/3153/e4f2bc246378fa5b1606c1d0d8823ca28bfe9940_GUIDE_LOGEMENT_A.txt,acte.arrete,01/12/2023,Ain,Conseil départemental,dataset_pdf_165.txt,
4850/bf9a7_4.1.9.Zone-USU.pdf,https://www.neuillysurmarne.fr/wp-content/uploads/2023/02/4.1.9.Zone-USU.pdf?x12167,https://datapolitics-public.s3.gra.io.cloud.ovh.net/LORIA/4850/bf9a7_4.1.9.Zone-USU.pdf,https://datapolitics-public.s3.gra.io.cloud.ovh.net/LORIA/txt/4850/bf9a7_4.1.9.Zone-USU.pdf.txt,dlao.autres,13/12/2022,Neuilly-sur-Marne,Commune,dataset_pdf_166.txt,13/12/2022
4850/a105d_4.1.6.Zone-UE.pdf,https://www.neuillysurmarne.fr/wp-content/uploads/2023/02/4.1.6.Zone-UE.pdf?x12167,https://datapolitics-public.s3.gra.io.cloud.ovh.net/LORIA/4850/a105d_4.1.6.Zone-UE.pdf,https://datapolitics-public.s3.gra.io.cloud.ovh.net/LORIA/txt/4850/a105d_4.1.6.Zone-UE.pdf.txt,dlao.autres,13/12/2022,Neuilly-sur-Marne,Commune,dataset_pdf_167.txt,13/12/2022
4850/73071_4.1.3.Zone-UA.pdf,https://www.neuillysurmarne.fr/wp-content/uploads/2023/02/4.1.3.Zone-UA.pdf?x12167,https://datapolitics-public.s3.gra.io.cloud.ovh.net/LORIA/4850/73071_4.1.3.Zone-UA.pdf,https://datapolitics-public.s3.gra.io.cloud.ovh.net/LORIA/txt/4850/73071_4.1.3.Zone-UA.pdf.txt,dlao.autres,13/12/2022,Neuilly-sur-Marne,Commune,dataset_pdf_168.txt,13/12/2022
4850/a6b32_4.1.4.Zone-UC.pdf,https://www.neuillysurmarne.fr/wp-content/uploads/2023/02/4.1.4.Zone-UC.pdf?x12167,https://datapolitics-public.s3.gra.io.cloud.ovh.net/LORIA/4850/a6b32_4.1.4.Zone-UC.pdf,https://datapolitics-public.s3.gra.io.cloud.ovh.net/LORIA/txt/4850/a6b32_4.1.4.Zone-UC.pdf.txt,dlao.autres,13/12/2022,Neuilly-sur-Marne,Commune,dataset_pdf_169.txt,13/12/2022
4850/b25e2_4.1.8.Zone-UR.pdf,https://www.neuillysurmarne.fr/wp-content/uploads/2023/02/4.1.8.Zone-UR.pdf?x12167,https://datapolitics-public.s3.gra.io.cloud.ovh.net/LORIA/4850/b25e2_4.1.8.Zone-UR.pdf,https://datapolitics-public.s3.gra.io.cloud.ovh.net/LORIA/txt/4850/b25e2_4.1.8.Zone-UR.pdf.txt,dlao.autres,13/12/2022,Neuilly-sur-Marne,Commune,dataset_pdf_170.txt,13/12/2022
4850/8eda6_4.1.5.Zone-UD.pdf,https://www.neuillysurmarne.fr/wp-content/uploads/2023/02/4.1.5.Zone-UD.pdf?x12167,https://datapolitics-public.s3.gra.io.cloud.ovh.net/LORIA/4850/8eda6_4.1.5.Zone-UD.pdf,https://datapolitics-public.s3.gra.io.cloud.ovh.net/LORIA/txt/4850/8eda6_4.1.5.Zone-UD.pdf.txt,dlao.autres,13/12/2022,Neuilly-sur-Marne,Commune,dataset_pdf_171.txt,13/12/2022
4850/dda28_4.1.NEUILLY_SUR_MARNE_93050_reglement_20221213.pdf,https://www.neuillysurmarne.fr/wp-content/uploads/2023/02/4.1.NEUILLY_SUR_MARNE_93050_reglement_20221213.pdf?x12167,https://datapolitics-public.s3.gra.io.cloud.ovh.net/LORIA/4850/dda28_4.1.NEUILLY_SUR_MARNE_93050_reglement_20221213.pdf,https://datapolitics-public.s3.gra.io.cloud.ovh.net/LORIA/txt/4850/dda28_4.1.NEUILLY_SUR_MARNE_93050_reglement_20221213.pdf.txt,dlao.autres,13/12/2022,Neuilly-sur-Marne,Commune,dataset_pdf_172.txt,13/12/2022
4850/13e1a_4.1.7.Zone-UI.pdf,https://www.neuillysurmarne.fr/wp-content/uploads/2023/02/4.1.7.Zone-UI.pdf?x12167,https://datapolitics-public.s3.gra.io.cloud.ovh.net/LORIA/4850/13e1a_4.1.7.Zone-UI.pdf,https://datapolitics-public.s3.gra.io.cloud.ovh.net/LORIA/txt/4850/13e1a_4.1.7.Zone-UI.pdf.txt,dlao.autres,13/12/2022,Neuilly-sur-Marne,Commune,dataset_pdf_173.txt,13/12/2022
751/c8067_Plan-déconomies-énergie-et-eau-délibération-du-conseil-municipal-du-7-décembre-2022.pdf,https://www.sainte-luce-loire.com/medias/2022/12/Plan-déconomies-énergie-et-eau-délibération-du-conseil-municipal-du-7-décembre-2022.pdf,https://datapolitics-public.s3.gra.io.cloud.ovh.net/LORIA/751/c8067_Plan-déconomies-énergie-et-eau-délibération-du-conseil-municipal-du-7-décembre-2022.pdf,https://datapolitics-public.s3.gra.io.cloud.ovh.net/LORIA/txt/751/c8067_Plan-déconomies-énergie-et-eau-délibération-du-conseil-municipal-du-7-décembre-2022.pdf.txt,acte.delib,09/12/2022,Sainte-Luce-sur-Loire,Commune,dataset_pdf_174.txt,09/12/2022
1565/2d2a7_deliberations-et-annexes-conseil-municipal-31.01.23.pdf,https://www.pessac.fr/fileadmin/medias/Publications/conseils-municipaux-2023/deliberations-et-annexes-conseil-municipal-31.01.23.pdf,https://datapolitics-public.s3.gra.io.cloud.ovh.net/LORIA/1565/2d2a7_deliberations-et-annexes-conseil-municipal-31.01.23.pdf,https://datapolitics-public.s3.gra.io.cloud.ovh.net/LORIA/txt/1565/2d2a7_deliberations-et-annexes-conseil-municipal-31.01.23.pdf.txt,acte.delib,31/01/2023,Pessac,Commune,dataset_pdf_175.txt,08/02/2023
1565/1761c_proces-verbal-conseil-municipal-31-janvier-2023.pdf,https://www.pessac.fr/fileadmin/medias/Publications/conseils-municipaux-2023/proces-verbal-conseil-municipal-31-janvier-2023.pdf,https://datapolitics-public.s3.gra.io.cloud.ovh.net/LORIA/1565/1761c_proces-verbal-conseil-municipal-31-janvier-2023.pdf,https://datapolitics-public.s3.gra.io.cloud.ovh.net/LORIA/txt/1565/1761c_proces-verbal-conseil-municipal-31-janvier-2023.pdf.txt,pv.full,31/01/2023,Pessac,Commune,dataset_pdf_176.txt,31/01/2023
3218/93141_819-20fev-cd.pdf,https://www.valdemarne.fr/sites/default/files/819-20fev-cd.pdf,https://datapolitics-public.s3.gra.io.cloud.ovh.net/LORIA/3218/93141_819-20fev-cd.pdf,https://datapolitics-public.s3.gra.io.cloud.ovh.net/LORIA/txt/3218/93141_819-20fev-cd.pdf.txt,pv.cr,20/02/2020,Val-de-Marne,Conseil départemental,dataset_pdf_177.txt,10/02/2020
635/c7b0d_3-1-reglement-plu-modifie-en-2020.pdf,http://www.creutzwald.fr/UserFiles/File/plu/3-1-reglement-plu-modifie-en-2020.pdf,https://datapolitics-public.s3.gra.io.cloud.ovh.net/LORIA/635/c7b0d_3-1-reglement-plu-modifie-en-2020.pdf,https://datapolitics-public.s3.gra.io.cloud.ovh.net/LORIA/txt/635/c7b0d_3-1-reglement-plu-modifie-en-2020.pdf.txt,dlao.autres,24/02/2020,Creutzwald,Commune,dataset_pdf_178.txt,24/02/2020
1700/f8f99_compte-rendu-cm-24-janvier-2020.pdf,https://www.etueffont.fr/ged/compte-rendu-cm-24-janvier-2020.pdf,https://datapolitics-public.s3.gra.io.cloud.ovh.net/LORIA/1700/f8f99_compte-rendu-cm-24-janvier-2020.pdf,https://datapolitics-public.s3.gra.io.cloud.ovh.net/LORIA/txt/1700/f8f99_compte-rendu-cm-24-janvier-2020.pdf.txt,pv.cr,24/01/2020,Étueffont,Commune,dataset_pdf_179.txt,31/01/None
1700/ff1c9_compte-rendu-cm-24-janvier-2020.pdf,http://www.etueffont.fr/ged/compte-rendu-cm-24-janvier-2020.pdf,https://datapolitics-public.s3.gra.io.cloud.ovh.net/LORIA/1700/ff1c9_compte-rendu-cm-24-janvier-2020.pdf,https://datapolitics-public.s3.gra.io.cloud.ovh.net/LORIA/txt/1700/ff1c9_compte-rendu-cm-24-janvier-2020.pdf.txt,pv.cr,24/01/2020,Étueffont,Commune,dataset_pdf_180.txt,31/01/None
2983/b9b41_janvier_2020.pdf,https://www.coeurdebrenne.fr/fileadmin/pdf/deliberations/2020/janvier_2020.pdf,https://datapolitics-public.s3.gra.io.cloud.ovh.net/LORIA/2983/b9b41_janvier_2020.pdf,https://datapolitics-public.s3.gra.io.cloud.ovh.net/LORIA/txt/2983/b9b41_janvier_2020.pdf.txt,pv.cr,20/01/2020,CC Coeur de Brenne,Intercommunalité,dataset_pdf_181.txt,20/01/2020
3132/15459_cms_viewFile.php,https://www.grandbourg.fr/cms_viewFile.php?idtf=2450&path=2020-01-06-Compte-rendu-du-Bureau.pdf,https://datapolitics-public.s3.gra.io.cloud.ovh.net/LORIA/3132/15459_cms_viewFile.php,https://datapolitics-public.s3.gra.io.cloud.ovh.net/LORIA/txt/3132/15459_cms_viewFile.php.txt,pv.cr,06/01/2020,CA du Bassin de Bourg-en-Bresse,Intercommunalité,dataset_pdf_182.txt,06/01/2020
693/fa565_compte_rendu__28_janvier_2020.pdf,http://www.bagneux92.fr/images/1-Decouvrir/Elus/Decisions-conseil/2020/compte_rendu__28_janvier_2020.pdf,https://datapolitics-public.s3.gra.io.cloud.ovh.net/LORIA/693/fa565_compte_rendu__28_janvier_2020.pdf,https://datapolitics-public.s3.gra.io.cloud.ovh.net/LORIA/txt/693/fa565_compte_rendu__28_janvier_2020.pdf.txt,pv.cr,28/01/2020,Bagneux,Commune,dataset_pdf_183.txt,28/01/2020
2928/35ddb_cms_viewFile.php,https://www.valdedrome.com/cms_viewFile.php?idtf=59965&path=Deliberation-arret-projet-PCAET.pdf,https://datapolitics-public.s3.gra.io.cloud.ovh.net/LORIA/2928/35ddb_cms_viewFile.php,https://datapolitics-public.s3.gra.io.cloud.ovh.net/LORIA/txt/2928/35ddb_cms_viewFile.php.txt,acte.delib,27/02/2020,CC du Val de Drôme en Biovallée,Intercommunalité,dataset_pdf_184.txt,27/02/2020
2076/e3c19_PROCES-VERBAL-CC-DU-13-02-2020.pdf,https://www.touraineestvallees.fr/medias/2020/03/PROCES-VERBAL-CC-DU-13-02-2020.pdf,https://datapolitics-public.s3.gra.io.cloud.ovh.net/LORIA/2076/e3c19_PROCES-VERBAL-CC-DU-13-02-2020.pdf,https://datapolitics-public.s3.gra.io.cloud.ovh.net/LORIA/txt/2076/e3c19_PROCES-VERBAL-CC-DU-13-02-2020.pdf.txt,pv.cr,13/02/2020,CC Touraine-Est Vallées,Intercommunalité,dataset_pdf_185.txt,13/02/2020
3075/d77c7_200212-PV-Conseil-communataire-12-02-2020.pdf,https://www.paysdesherbiers.fr/medias/2020/03/200212-PV-Conseil-communataire-12-02-2020.pdf,https://datapolitics-public.s3.gra.io.cloud.ovh.net/LORIA/3075/d77c7_200212-PV-Conseil-communataire-12-02-2020.pdf,https://datapolitics-public.s3.gra.io.cloud.ovh.net/LORIA/txt/3075/d77c7_200212-PV-Conseil-communataire-12-02-2020.pdf.txt,pv.cr,12/02/2020,CC du Pays des Herbiers,Intercommunalité,dataset_pdf_186.txt,12/02/2020
2196/24552_5-sud-retz-atlantique-PCAET-Fiches-actions.pdf,https://www.sud-retz-atlantique.fr/wp-content/uploads/2020/02/5-sud-retz-atlantique-PCAET-Fiches-actions.pdf,https://datapolitics-public.s3.gra.io.cloud.ovh.net/LORIA/2196/24552_5-sud-retz-atlantique-PCAET-Fiches-actions.pdf,https://datapolitics-public.s3.gra.io.cloud.ovh.net/LORIA/txt/2196/24552_5-sud-retz-atlantique-PCAET-Fiches-actions.pdf.txt,acte.delib,01/02/2020,CC Sud Retz Atlantique,Intercommunalité,dataset_pdf_187.txt,01/11/2019
2465/dbfb6cec02f7c2692f79e5b12b22650b5b81acff_DP-CC_06.02.20.p,http://www.agglo-pvm.fr/fileadmin/medias/Publications/Communiques_de_presse/DP-CC_06.02.20.pdf,https://datapolitics-public.s3.gra.io.cloud.ovh.net/LORIA/2465/dbfb6cec02f7c2692f79e5b12b22650b5b81acff_DP-CC_06.02.20.p,https://datapolitics-public.s3.gra.io.cloud.ovh.net/LORIA/txt/2465/dbfb6cec02f7c2692f79e5b12b22650b5b81acff_DP-CC_06.02.20.p.txt,pv.cr,06/02/2020,CA Paris - Vallée de la Marne,Intercommunalité,dataset_pdf_188.txt,06/02/2020
2899/3216097674bf2d5922d5f2dad36f9aadc03cd4dc_Reglement-EPU-CA,http://www.ca-paysdelaon.fr/wp-content/uploads/2022/02/Reglement-EPU-CAPL-13-02-20-_2_.pdf,https://datapolitics-public.s3.gra.io.cloud.ovh.net/LORIA/2899/3216097674bf2d5922d5f2dad36f9aadc03cd4dc_Reglement-EPU-CA,https://datapolitics-public.s3.gra.io.cloud.ovh.net/LORIA/txt/2899/3216097674bf2d5922d5f2dad36f9aadc03cd4dc_Reglement-EPU-CA.txt,dlao.autres,13/02/2020,CA du Pays de Laon,Intercommunalité,dataset_pdf_189.txt,13/02/2020
2933/049d8519b05417fbef5afb52766f1f14198ca719_C33-02-2020-1-_D,http://www.agglo-niort.fr/fileadmin/CAN/agglo/competences/pcaet/C33-02-2020-1-_Developpement_durable_et_biodiversite_-_Approbation_du_plan_climat_air_energie_territorial__PCAET__de_Niort_Agglo-Rapport_final.pdf,https://datapolitics-public.s3.gra.io.cloud.ovh.net/LORIA/2933/049d8519b05417fbef5afb52766f1f14198ca719_C33-02-2020-1-_D,https://datapolitics-public.s3.gra.io.cloud.ovh.net/LORIA/txt/2933/049d8519b05417fbef5afb52766f1f14198ca719_C33-02-2020-1-_D.txt,acte.delib,14/02/2020,CA du Niortais,Intercommunalité,dataset_pdf_191.txt,14/02/2020
2933/916a472a49882efb87b609dc6a0b83ffeb42c793_C33-02-2020-3-_D,http://www.agglo-niort.fr/fileadmin/CAN/agglo/competences/pcaet/C33-02-2020-3-_Developpement_durable_et_biodiversite_-_Approbation_du_plan_climat_air_energie_territorial__PCAET__de_Niort_Agglo-Resume_non_technique_PCAET_et_EES.pdf,https://datapolitics-public.s3.gra.io.cloud.ovh.net/LORIA/2933/916a472a49882efb87b609dc6a0b83ffeb42c793_C33-02-2020-3-_D,https://datapolitics-public.s3.gra.io.cloud.ovh.net/LORIA/txt/2933/916a472a49882efb87b609dc6a0b83ffeb42c793_C33-02-2020-3-_D.txt,acte.delib,14/02/2020,CA du Niortais,Intercommunalité,dataset_pdf_192.txt,14/02/2020
337/11e5ef64fb0b98cece0f794f8fd41a410fb877cd_Zone-UD.pdf,https://www.ville-thiais.fr/wp-content/uploads/2020/02/Zone-UD.pdf,https://datapolitics-public.s3.gra.io.cloud.ovh.net/LORIA/337/11e5ef64fb0b98cece0f794f8fd41a410fb877cd_Zone-UD.pdf,https://datapolitics-public.s3.gra.io.cloud.ovh.net/LORIA/txt/337/11e5ef64fb0b98cece0f794f8fd41a410fb877cd_Zone-UD.pdf.txt,dlao.autres,01/02/2020,Thiais,Commune,dataset_pdf_193.txt,
337/9c0df618c4c62bd3ad0847fcf4842e3c38cb0065_Zone-UB.pdf,https://www.ville-thiais.fr/wp-content/uploads/2020/02/Zone-UB.pdf,https://datapolitics-public.s3.gra.io.cloud.ovh.net/LORIA/337/9c0df618c4c62bd3ad0847fcf4842e3c38cb0065_Zone-UB.pdf,https://datapolitics-public.s3.gra.io.cloud.ovh.net/LORIA/txt/337/9c0df618c4c62bd3ad0847fcf4842e3c38cb0065_Zone-UB.pdf.txt,dlao.autres,01/02/2020,Thiais,Commune,dataset_pdf_194.txt,
337/a5a94723cf5ab7fd78b48ea9dc79984f586ff719_Zone-UC.pdf,https://www.ville-thiais.fr/wp-content/uploads/2020/02/Zone-UC.pdf,https://datapolitics-public.s3.gra.io.cloud.ovh.net/LORIA/337/a5a94723cf5ab7fd78b48ea9dc79984f586ff719_Zone-UC.pdf,https://datapolitics-public.s3.gra.io.cloud.ovh.net/LORIA/txt/337/a5a94723cf5ab7fd78b48ea9dc79984f586ff719_Zone-UC.pdf.txt,dlao.autres,01/02/2020,Thiais,Commune,dataset_pdf_195.txt,21/12/2012
3897/7b41b763737478b84ab4dd10c5080381e6fea530_Compte-rendu-som,https://www.gennesvaldeloire.fr/medias/2020/02/Compte-rendu-sommaire-du-10.02.2020.pdf,https://datapolitics-public.s3.gra.io.cloud.ovh.net/LORIA/3897/7b41b763737478b84ab4dd10c5080381e6fea530_Compte-rendu-som,https://datapolitics-public.s3.gra.io.cloud.ovh.net/LORIA/txt/3897/7b41b763737478b84ab4dd10c5080381e6fea530_Compte-rendu-som.txt,pv.cr,10/02/2020,Gennes-Val-de-Loire,Commune,dataset_pdf_196.txt,10/02/2020
7001/a61ce1854aa576a3e830b0ce770b125167972751_2020-02-25_1812_,https://www.grandorlyseinebievre.fr/fileadmin/PORTAIL/Deliberations_et_arretes/Deliberations_2020/20200225_Conseil/2020-02-25_1812_AME_Ivry_CRACL_ZAC_Confluences.pdf,https://datapolitics-public.s3.gra.io.cloud.ovh.net/LORIA/7001/a61ce1854aa576a3e830b0ce770b125167972751_2020-02-25_1812_,https://datapolitics-public.s3.gra.io.cloud.ovh.net/LORIA/txt/7001/a61ce1854aa576a3e830b0ce770b125167972751_2020-02-25_1812_.txt,pv.cr,25/02/2020,Métropole du Grand Paris,Intercommunalité,dataset_pdf_197.txt,25/02/2020
7001/f6abb9a18b177f7ada071e4d878c30b9a6995236_2020-02-25_1786_,https://www.grandorlyseinebievre.fr/fileadmin/PORTAIL/Deliberations_et_arretes/Deliberations_2020/20200225_Conseil/2020-02-25_1786_PV_Convention_Region_100QEI.pdf,https://datapolitics-public.s3.gra.io.cloud.ovh.net/LORIA/7001/f6abb9a18b177f7ada071e4d878c30b9a6995236_2020-02-25_1786_,https://datapolitics-public.s3.gra.io.cloud.ovh.net/LORIA/txt/7001/f6abb9a18b177f7ada071e4d878c30b9a6995236_2020-02-25_1786_.txt,pv.cr,25/02/2020,Métropole du Grand Paris,Intercommunalité,dataset_pdf_198.txt,25/02/2020
2594/897a1_reglement-ass-2020.pdf,https://www.cc-molsheim-mutzig.fr/reglement-ass-2020.pdf,https://datapolitics-public.s3.gra.io.cloud.ovh.net/LORIA/2594/897a1_reglement-ass-2020.pdf,https://datapolitics-public.s3.gra.io.cloud.ovh.net/LORIA/txt/2594/897a1_reglement-ass-2020.pdf.txt,dlao.autres,01/01/2020,CC de la Région de Molsheim-Mutzig,Intercommunalité,dataset_pdf_199.txt,22/06/2007
1323/6c254_PRESENTATION-BP-2020-DEFINITIF.pdf,http://www.viry-chatillon.fr/images/rubriques/mamairie/voselus/conseilmunicipal/pdf/PRESENTATION-BP-2020-DEFINITIF.pdf,https://datapolitics-public.s3.gra.io.cloud.ovh.net/LORIA/1323/6c254_PRESENTATION-BP-2020-DEFINITIF.pdf,https://datapolitics-public.s3.gra.io.cloud.ovh.net/LORIA/txt/1323/6c254_PRESENTATION-BP-2020-DEFINITIF.pdf.txt,bdj,22/01/2020,Viry-Châtillon,Commune,dataset_pdf_200.txt,22/01/2020
177/01f6f_pv-30-01-2020.pdf,https://www.saintjeandevedas.fr/abc/5d3d7fa6ca15a/media/conseil-municipal/2020/2020-06-04/pv-30-01-2020.pdf,https://datapolitics-public.s3.gra.io.cloud.ovh.net/LORIA/177/01f6f_pv-30-01-2020.pdf,https://datapolitics-public.s3.gra.io.cloud.ovh.net/LORIA/txt/177/01f6f_pv-30-01-2020.pdf.txt,pv.cr,30/01/2020,Saint-Jean-de-Védas,Commune,dataset_pdf_201.txt,04/06/2020
209/bdfed_CR-PV-2020_01_30.pdf,https://www.pluvigner.fr/medias/2020/02/CR-PV-2020_01_30.pdf,https://datapolitics-public.s3.gra.io.cloud.ovh.net/LORIA/209/bdfed_CR-PV-2020_01_30.pdf,https://datapolitics-public.s3.gra.io.cloud.ovh.net/LORIA/txt/209/bdfed_CR-PV-2020_01_30.pdf.txt,pv.cr,30/01/2020,Pluvigner,Commune,dataset_pdf_202.txt,30/01/None
1835/e1d69ad072727436af45786405201d2d611a5670_5-3ann.pdf,https://rouen.fr/sites/default/files/cm/2020-01-29/5-3ann.pdf,https://datapolitics-public.s3.gra.io.cloud.ovh.net/LORIA/1835/e1d69ad072727436af45786405201d2d611a5670_5-3ann.pdf,https://datapolitics-public.s3.gra.io.cloud.ovh.net/LORIA/txt/1835/e1d69ad072727436af45786405201d2d611a5670_5-3ann.pdf.txt,dlao.autres,29/01/2020,Rouen,Commune,dataset_pdf_203.txt,29/01/2020
2137/24a099087591488877e5430db4af030cf9263e12_4._plan_dactions,https://www.lamballe-terre-mer.bzh/upload/espace/140/Projets/pcaet/docs/4._plan_dactions_pcaet_ltm_octobre_2023.pdf,https://datapolitics-public.s3.gra.io.cloud.ovh.net/LORIA/2137/24a099087591488877e5430db4af030cf9263e12_4._plan_dactions,https://datapolitics-public.s3.gra.io.cloud.ovh.net/LORIA/txt/2137/24a099087591488877e5430db4af030cf9263e12_4._plan_dactions.txt,acte.delib,01/01/2020,CA Lamballe Terre et Mer,Intercommunalité,dataset_pdf_204.txt,01/10/2023
647/f71df_09B_Note_BP_2020.pdf,http://www.ville-cachan.fr/images/5-CACHAN_CITOYENNE/5-1Vie-municipale/Conseil-municipal/PV_CM/2020/09B_Note_BP_2020.pdf,https://datapolitics-public.s3.gra.io.cloud.ovh.net/LORIA/647/f71df_09B_Note_BP_2020.pdf,https://datapolitics-public.s3.gra.io.cloud.ovh.net/LORIA/txt/647/f71df_09B_Note_BP_2020.pdf.txt,bdj,07/05/2020,Cachan,Commune,dataset_pdf_206.txt,07/05/2020
5481/97516_3a_Reglement.pdf,https://coarraze.fr/wp-content/uploads/2020/02/3a_Reglement.pdf,https://datapolitics-public.s3.gra.io.cloud.ovh.net/LORIA/5481/97516_3a_Reglement.pdf,https://datapolitics-public.s3.gra.io.cloud.ovh.net/LORIA/txt/5481/97516_3a_Reglement.pdf.txt,dlao.autres,01/02/2020,Coarraze,Commune,dataset_pdf_207.txt,18/11/2004
847/fd11f_CM_20220627_-_Liste_des_deliberations_.pdf,http://www.lasaulce.fr/fileadmin/user_upload/Actualites/2022/PDF/CM_20220627_-_Liste_des_deliberations_.pdf,https://datapolitics-public.s3.gra.io.cloud.ovh.net/LORIA/847/fd11f_CM_20220627_-_Liste_des_deliberations_.pdf,https://datapolitics-public.s3.gra.io.cloud.ovh.net/LORIA/txt/847/fd11f_CM_20220627_-_Liste_des_deliberations_.pdf.txt,pv.cr,27/06/2022,La Saulce,Commune,dataset_pdf_208.txt,01/10/2022
2643/84e7c_ODJ-CC-28062022.pdf,https://www.cctoval.fr/wp-content/uploads/2023/04/ODJ-CC-28062022.pdf,https://datapolitics-public.s3.gra.io.cloud.ovh.net/LORIA/2643/84e7c_ODJ-CC-28062022.pdf,https://datapolitics-public.s3.gra.io.cloud.ovh.net/LORIA/txt/2643/84e7c_ODJ-CC-28062022.pdf.txt,pv.cr,28/06/2022,CC Touraine Ouest Val de Loire,Intercommunalité,dataset_pdf_209.txt,24/05/2022
2643/04e87_PV-du-CC-28.06.22.pdf,https://www.cctoval.fr/wp-content/uploads/2023/04/PV-du-CC-28.06.22.pdf,https://datapolitics-public.s3.gra.io.cloud.ovh.net/LORIA/2643/04e87_PV-du-CC-28.06.22.pdf,https://datapolitics-public.s3.gra.io.cloud.ovh.net/LORIA/txt/2643/04e87_PV-du-CC-28.06.22.pdf.txt,pv.cr,28/06/2022,CC Touraine Ouest Val de Loire,Intercommunalité,dataset_pdf_210.txt,28/06/2022
904/f7ef0_PV-CM-23-JUIN-2022.pdf,http://www.ville-taverny.fr/sites/default/files/documents/contenu/PV-CM-23-JUIN-2022.pdf,https://datapolitics-public.s3.gra.io.cloud.ovh.net/LORIA/904/f7ef0_PV-CM-23-JUIN-2022.pdf,https://datapolitics-public.s3.gra.io.cloud.ovh.net/LORIA/txt/904/f7ef0_PV-CM-23-JUIN-2022.pdf.txt,acte.delib,23/06/2022,Taverny,Commune,dataset_pdf_211.txt,23/06/2022
904/55592_PV-CM-23-JUIN-2022.pdf,https://www.ville-taverny.fr/sites/default/files/documents/contenu/PV-CM-23-JUIN-2022.pdf,https://datapolitics-public.s3.gra.io.cloud.ovh.net/LORIA/904/55592_PV-CM-23-JUIN-2022.pdf,https://datapolitics-public.s3.gra.io.cloud.ovh.net/LORIA/txt/904/55592_PV-CM-23-JUIN-2022.pdf.txt,acte.delib,23/06/2022,Taverny,Commune,dataset_pdf_212.txt,23/06/2022
620/bdb31_cpte-rendu-22-06-2022.pdf,https://www.villages-voveens.fr/medias/cpte-rendu-22-06-2022.pdf,https://datapolitics-public.s3.gra.io.cloud.ovh.net/LORIA/620/bdb31_cpte-rendu-22-06-2022.pdf,https://datapolitics-public.s3.gra.io.cloud.ovh.net/LORIA/txt/620/bdb31_cpte-rendu-22-06-2022.pdf.txt,pv.cr,22/06/2022,Les Villages Vovéens,Commune,dataset_pdf_213.txt,28/04/2022
94/4fcc74fab3422becbb2dfb0834764f39169fec3a_recueil-13-2022-,https://www.bouches-du-rhone.gouv.fr/contenu/telechargement/47544/270044/file/recueil-13-2022-162-recueil-des-actes-administratifs-special-08 juin 2022.pdf,https://datapolitics-public.s3.gra.io.cloud.ovh.net/LORIA/94/4fcc74fab3422becbb2dfb0834764f39169fec3a_recueil-13-2022-,https://datapolitics-public.s3.gra.io.cloud.ovh.net/LORIA/txt/94/4fcc74fab3422becbb2dfb0834764f39169fec3a_recueil-13-2022-.txt,acte.arrete,08/06/2022,Bouches-du-Rhône,Conseil départemental,dataset_pdf_215.txt,08/06/2022
2465/361f3e388e75f1427398b690144d03ef5e68a1ea_20220630_CC_ODJ_,http://www.agglo-pvm.fr/fileadmin/medias/Publications/Ordre_du_jour/20220630_CC_ODJ_.pdf,https://datapolitics-public.s3.gra.io.cloud.ovh.net/LORIA/2465/361f3e388e75f1427398b690144d03ef5e68a1ea_20220630_CC_ODJ_,https://datapolitics-public.s3.gra.io.cloud.ovh.net/LORIA/txt/2465/361f3e388e75f1427398b690144d03ef5e68a1ea_20220630_CC_ODJ_.txt,pv.cr,30/06/2022,CA Paris - Vallée de la Marne,Intercommunalité,dataset_pdf_216.txt,30/06/2022
693/726fe_CM-2022-06-28_deliberations.pdf,https://www.bagneux92.fr/images/1-Decouvrir/actes_admin_demat/CM/CM-2022-06-28_deliberations.pdf,https://datapolitics-public.s3.gra.io.cloud.ovh.net/LORIA/693/726fe_CM-2022-06-28_deliberations.pdf,https://datapolitics-public.s3.gra.io.cloud.ovh.net/LORIA/txt/693/726fe_CM-2022-06-28_deliberations.pdf.txt,acte.delib,28/06/2022,Bagneux,Commune,dataset_pdf_217.txt,06/07/2022
693/fb9de_CM-2022-06-28_liste-deliberations.pdf,https://www.bagneux92.fr/images/1-Decouvrir/actes_admin_demat/CM/CM-2022-06-28_liste-deliberations.pdf,https://datapolitics-public.s3.gra.io.cloud.ovh.net/LORIA/693/fb9de_CM-2022-06-28_liste-deliberations.pdf,https://datapolitics-public.s3.gra.io.cloud.ovh.net/LORIA/txt/693/fb9de_CM-2022-06-28_liste-deliberations.pdf.txt,pv.cr,28/06/2022,Bagneux,Commune,dataset_pdf_218.txt,28/06/2022
3540/1e9c9_AR-069-ANNEXE-4-RAPPORT-DACTIVITE-2021-VERT-MARINE.pdf,https://www.grandchambord.fr/wp-content/uploads/2022/06/AR-069-ANNEXE-4-RAPPORT-DACTIVITE-2021-VERT-MARINE.pdf,https://datapolitics-public.s3.gra.io.cloud.ovh.net/LORIA/3540/1e9c9_AR-069-ANNEXE-4-RAPPORT-DACTIVITE-2021-VERT-MARINE.pdf,https://datapolitics-public.s3.gra.io.cloud.ovh.net/LORIA/txt/3540/1e9c9_AR-069-ANNEXE-4-RAPPORT-DACTIVITE-2021-VERT-MARINE.pdf.txt,acte.delib,28/06/2022,Bracieux,Commune,dataset_pdf_219.txt,28/06/2022
3170/ece51_Rapport-budget-supplementaire-2022.pdf,https://www.yvelines.fr/wp-content/uploads/2022/Rapport-budget-supplementaire-2022.pdf,https://datapolitics-public.s3.gra.io.cloud.ovh.net/LORIA/3170/ece51_Rapport-budget-supplementaire-2022.pdf,https://datapolitics-public.s3.gra.io.cloud.ovh.net/LORIA/txt/3170/ece51_Rapport-budget-supplementaire-2022.pdf.txt,bdj,24/06/2022,Yvelines,Conseil départemental,dataset_pdf_220.txt,24/06/2022
1083/09729_PV-CM-27.06.22_VF.pdf,https://chantepie.fr/wp-content/uploads/2022/09/PV-CM-27.06.22_VF.pdf,https://datapolitics-public.s3.gra.io.cloud.ovh.net/LORIA/1083/09729_PV-CM-27.06.22_VF.pdf,https://datapolitics-public.s3.gra.io.cloud.ovh.net/LORIA/txt/1083/09729_PV-CM-27.06.22_VF.pdf.txt,pv.full,27/06/2022,Chantepie,Commune,dataset_pdf_221.txt,17/06/2022
5346/9b2dd_del20220624_01-18_exec.pdf,https://www.fontenay-tresigny.fr/download/MAIRIE/DELIB/del20220624_01-18_exec.pdf,https://datapolitics-public.s3.gra.io.cloud.ovh.net/LORIA/5346/9b2dd_del20220624_01-18_exec.pdf,https://datapolitics-public.s3.gra.io.cloud.ovh.net/LORIA/txt/5346/9b2dd_del20220624_01-18_exec.pdf.txt,acte.delib,24/06/2022,Fontenay-Trésigny,Commune,dataset_pdf_222.txt,01/07/2022
3813/f0f3953b2c0f291dfe681fa818df5c2224659918_pv_cm_15_decembr,https://www.marcoussis.fr/IMG/pdf/pv_cm_15_decembre_2022.pdf,https://datapolitics-public.s3.gra.io.cloud.ovh.net/LORIA/3813/f0f3953b2c0f291dfe681fa818df5c2224659918_pv_cm_15_decembr,https://datapolitics-public.s3.gra.io.cloud.ovh.net/LORIA/txt/3813/f0f3953b2c0f291dfe681fa818df5c2224659918_pv_cm_15_decembr.txt,acte.delib,15/12/2022,Marcoussis,Commune,dataset_pdf_223.txt,04/12/2022
1992/3866e_cms_viewFile.php,https://www.paysdegexagglo.fr/cms_viewFile.php?idtf=83924&path=compte-rendu-du-15-juin.pdf,https://datapolitics-public.s3.gra.io.cloud.ovh.net/LORIA/1992/3866e_cms_viewFile.php,https://datapolitics-public.s3.gra.io.cloud.ovh.net/LORIA/txt/1992/3866e_cms_viewFile.php.txt,pv.full,15/06/2022,CA du Pays de Gex,Intercommunalité,dataset_pdf_224.txt,15/06/2022
6763/645420165856fc386c8f139f12bcf76d4f85f3bd_recueil-19-2023-,https://www.correze.gouv.fr/contenu/telechargement/27650/203025/file/recueil-19-2023-069-recueil-des-actes-administratifs-special.pdf,https://datapolitics-public.s3.gra.io.cloud.ovh.net/LORIA/6763/645420165856fc386c8f139f12bcf76d4f85f3bd_recueil-19-2023-,https://datapolitics-public.s3.gra.io.cloud.ovh.net/LORIA/txt/6763/645420165856fc386c8f139f12bcf76d4f85f3bd_recueil-19-2023-.txt,acte.arrete,08/06/2023,Préfecture - Corrèze,Préfecture,dataset_pdf_1842.txt,08/06/2023
1509/84459_PV-22-JUIN-2023.pdf,https://evrycourcouronnes.fr/wp-content/uploads/2021/09/PV-22-JUIN-2023.pdf,https://datapolitics-public.s3.gra.io.cloud.ovh.net/LORIA/1509/84459_PV-22-JUIN-2023.pdf,https://datapolitics-public.s3.gra.io.cloud.ovh.net/LORIA/txt/1509/84459_PV-22-JUIN-2023.pdf.txt,pv.full,22/06/2023,Évry-Courcouronnes,Commune,dataset_pdf_1846.txt,22/06/2023
6747/5063cc1b24cc9292ba89930f95b442ca1d03cf12_recueil-01-2023-,https://www.ain.gouv.fr/contenu/telechargement/23412/162058/file/recueil-01-2023-158-recueil-des-actes-administratifs-special 2023-07-13.pdf,https://datapolitics-public.s3.gra.io.cloud.ovh.net/LORIA/6747/5063cc1b24cc9292ba89930f95b442ca1d03cf12_recueil-01-2023-,https://datapolitics-public.s3.gra.io.cloud.ovh.net/LORIA/txt/6747/5063cc1b24cc9292ba89930f95b442ca1d03cf12_recueil-01-2023-.txt,dlao.autres,13/07/2023,Préfecture - Ain,Préfecture,dataset_pdf_1847.txt,13/07/2023
1767/5f6d7_cms_viewFile.php,http://www.annecy.fr/cms_viewFile.php?idtf=15016&path=CM-2023-06-26-PV.pdf,https://datapolitics-public.s3.gra.io.cloud.ovh.net/LORIA/1767/5f6d7_cms_viewFile.php,https://datapolitics-public.s3.gra.io.cloud.ovh.net/LORIA/txt/1767/5f6d7_cms_viewFile.php.txt,pv.full,26/06/2023,Annecy,Commune,dataset_pdf_1825.txt,26/06/2023
1364/c4d88_conseil_municipal_2023-06-28_pv.pdf,https://www.villejuif.fr/fileadmin/www.ville-villejuif.fr/MEDIA/Rubriques/Ma_ville/Democratie/Compte-rendus-conseil/Compte-rendus-conseil_2023/conseil_municipal_2023-06-28_pv.pdf,https://datapolitics-public.s3.gra.io.cloud.ovh.net/LORIA/1364/c4d88_conseil_municipal_2023-06-28_pv.pdf,https://datapolitics-public.s3.gra.io.cloud.ovh.net/LORIA/txt/1364/c4d88_conseil_municipal_2023-06-28_pv.pdf.txt,pv.full,28/06/2023,Villejuif,Commune,dataset_pdf_1824.txt,28/06/2023
